   Compiling mpk-vc v0.1.0 (/Users/kazuyoshitoshiya/mpk/crates/mpk-vc)
error: linking with `cc` failed: exit status: 1
  |
  = note:  "cc" "/tmp/mpk-w09-optimized-target/debug/deps/rustcSfgvL4/symbols.o" "<257 object files omitted>" "<sysroot>/lib/rustlib/aarch64-apple-darwin/lib/{libtest-*,libgetopts-*,librustc_std_workspace_std-*}.rlib" "/private/tmp/mpk-w09-optimized-target/debug/deps/libmpk_vc-43a77541129f1733.rlib" "/tmp/mpk-w09-optimized-target/debug/deps/{libmpk_cert-bd7d9eaa18b2d8a3,libmpk_core-21f05f83622df2ae,libsha2-9ed72fe67a5c977b,libcfg_if-25702d296c034d5b,libdigest-41f335da6908833e,libblock_buffer-7982ea3446b0c89b,libcrypto_common-3fe3ccf3b92eb7ea,libgeneric_array-95ae6963b7a12b97,libtypenum-9fc1fdb43a348e3a,libserde_json-1801fb5e25e2387a,libmemchr-a5f36c11ca3215b8,libitoa-5b3878daa14dee8f,libzmij-5b4774c4da8c1a05,libserde-ab25930e9422a225,libserde_core-0b4d12963268ff7d}.rlib" "<sysroot>/lib/rustlib/aarch64-apple-darwin/lib/{libstd-*,libpanic_unwind-*,libobject-*,libmemchr-*,libaddr2line-*,libgimli-*,libcfg_if-*,librustc_demangle-*,libstd_detect-*,libhashbrown-*,librustc_std_workspace_alloc-*,libminiz_oxide-*,libadler2-*,libunwind-*,liblibc-*,librustc_std_workspace_core-*,liballoc-*,libcore-*,libcompiler_builtins-*}.rlib" "-lSystem" "-lc" "-lm" "-arch" "arm64" "-mmacosx-version-min=11.0.0" "-o" "/tmp/mpk-w09-optimized-target/debug/deps/csharp_practical_vc-a023def1d075fbd7" "-Wl,-dead_strip" "-nodefaultlibs"
  = note: some arguments are omitted. use `--verbose` to show all linker arguments
  = note: Undefined symbols for architecture arm64:
            "__RINvNtCsgtPOCBgevO_4core3ptr9drop_glueINtNtNtCslJsSqIQKwiA_5alloc3vec9into_iter8IntoIterNtNtCsiRk0bvHVOSr_6mpk_vc14canonical_json15StrictJsonValueEEB1s_.llvm.358913832166069894", referenced from:
                __RINvNtNtCslJsSqIQKwiA_5alloc3vec16in_place_collect18from_iter_in_placeINtNtNtNtCsgtPOCBgevO_4core4iter8adapters3map3MapINtNtB4_9into_iter8IntoIterNtNtCsiRk0bvHVOSr_6mpk_vc14canonical_json15StrictJsonValueENvNtB2o_25csharp_practical_registry15strict_to_serdeENtNtCs5fzGtNe2pyG_10serde_json5value5ValueEB2o_ in libmpk_vc-43a77541129f1733.rlib[68](mpk_vc-43a77541129f1733.4c5p1ckx681hei3etn7lv67ks.19qvrf1.rcgu.o)
                __RINvNtNtCslJsSqIQKwiA_5alloc3vec16in_place_collect18from_iter_in_placeINtNtNtNtCsgtPOCBgevO_4core4iter8adapters3map3MapINtNtB4_9into_iter8IntoIterNtNtCsiRk0bvHVOSr_6mpk_vc14canonical_json15StrictJsonValueENvNtB2o_25csharp_practical_registry15strict_to_serdeENtNtCs5fzGtNe2pyG_10serde_json5value5ValueEB2o_ in libmpk_vc-43a77541129f1733.rlib[68](mpk_vc-43a77541129f1733.4c5p1ckx681hei3etn7lv67ks.19qvrf1.rcgu.o)
            "__RINvNtCsgtPOCBgevO_4core3ptr9drop_glueINtNtNtCslJsSqIQKwiA_5alloc3vec9into_iter8IntoIterTNtNtBH_6string6StringNtNtCsiRk0bvHVOSr_6mpk_vc14canonical_json15StrictJsonValueEEEB1O_.llvm.358913832166069894", referenced from:
                __RINvNtNtCslJsSqIQKwiA_5alloc3vec16in_place_collect18from_iter_in_placeINtNtNtNtCsgtPOCBgevO_4core4iter8adapters3map3MapINtNtB4_9into_iter8IntoIterTNtNtB6_6string6StringNtNtCsiRk0bvHVOSr_6mpk_vc14canonical_json15StrictJsonValueEENCNvNtB2K_25csharp_practical_registry15strict_to_serde0ETB2l_NtNtCs5fzGtNe2pyG_10serde_json5value5ValueEEB2K_ in libmpk_vc-43a77541129f1733.rlib[68](mpk_vc-43a77541129f1733.4c5p1ckx681hei3etn7lv67ks.19qvrf1.rcgu.o)
                __RINvNtNtCslJsSqIQKwiA_5alloc3vec16in_place_collect18from_iter_in_placeINtNtNtNtCsgtPOCBgevO_4core4iter8adapters3map3MapINtNtB4_9into_iter8IntoIterTNtNtB6_6string6StringNtNtCsiRk0bvHVOSr_6mpk_vc14canonical_json15StrictJsonValueEENCNvNtB2K_25csharp_practical_registry15strict_to_serde0ETB2l_NtNtCs5fzGtNe2pyG_10serde_json5value5ValueEEB2K_ in libmpk_vc-43a77541129f1733.rlib[68](mpk_vc-43a77541129f1733.4c5p1ckx681hei3etn7lv67ks.19qvrf1.rcgu.o)
            "__RINvNtCsgtPOCBgevO_4core3ptr9drop_glueINtNtNtNtCslJsSqIQKwiA_5alloc11collections5btree3map8BTreeMapNtNtBJ_6string6StringNtNtNtCsiRk0bvHVOSr_6mpk_vc26csharp_practical_vir_model10structural16StructuralRecipeEEB20_.llvm.358913832166069894", referenced from:
                __RNvNtNtNtNtNtCsiRk0bvHVOSr_6mpk_vc26csharp_practical_vir_model17ordinary_carriers10structural9relations20transition_snapshots55generate_csharp_practical_ordinary_transition_snapshots in libmpk_vc-43a77541129f1733.rlib[7](mpk_vc-43a77541129f1733.0e5bcrfv5cyzo0u5klugz5a7y.19qvrf1.rcgu.o)
                __RNvNtNtNtNtNtCsiRk0bvHVOSr_6mpk_vc26csharp_practical_vir_model17ordinary_carriers10structural9relations20transition_snapshots55generate_csharp_practical_ordinary_transition_snapshots in libmpk_vc-43a77541129f1733.rlib[7](mpk_vc-43a77541129f1733.0e5bcrfv5cyzo0u5klugz5a7y.19qvrf1.rcgu.o)
                __RNvNtNtCsiRk0bvHVOSr_6mpk_vc26csharp_practical_vir_model10data_phase23derive_data_type_routes in libmpk_vc-43a77541129f1733.rlib[14](mpk_vc-43a77541129f1733.0xzk2ujjdyxhv4hbrqiv07pnk.19qvrf1.rcgu.o)
                __RNvNtNtCsiRk0bvHVOSr_6mpk_vc26csharp_practical_vir_model10data_phase23derive_data_type_routes in libmpk_vc-43a77541129f1733.rlib[14](mpk_vc-43a77541129f1733.0xzk2ujjdyxhv4hbrqiv07pnk.19qvrf1.rcgu.o)
                __RNvNtCsiRk0bvHVOSr_6mpk_vc26csharp_practical_vir_model26compare_monomorphic_values in libmpk_vc-43a77541129f1733.rlib[95](mpk_vc-43a77541129f1733.5v4px5cpkj12ryzon77uxnrjy.19qvrf1.rcgu.o)
                __RNvNtCsiRk0bvHVOSr_6mpk_vc26csharp_practical_vir_model26compare_monomorphic_values in libmpk_vc-43a77541129f1733.rlib[95](mpk_vc-43a77541129f1733.5v4px5cpkj12ryzon77uxnrjy.19qvrf1.rcgu.o)
                __RNvMs1_NtNtCsiRk0bvHVOSr_6mpk_vc26csharp_practical_vir_model8businessNtB5_10MoneyModel16structural_equal in libmpk_vc-43a77541129f1733.rlib[135](mpk_vc-43a77541129f1733.8baotxkwhn398a1oc9e9zdi6c.19qvrf1.rcgu.o)
                ...
            "__RINvNtCsgtPOCBgevO_4core3ptr9drop_glueINtNtNtNtCslJsSqIQKwiA_5alloc11collections5btree3map8BTreeMapNtNtBJ_6string6StringTNtNtNtNtNtCsiRk0bvHVOSr_6mpk_vc26csharp_practical_vir_model17ordinary_carriers11scalar_bits5utf1624OrdinaryStringDefinitionINtNtBJ_3vec3VecB1z_EEEEB25_.llvm.358913832166069894", referenced from:
                __RNvNtNtNtNtNtCsiRk0bvHVOSr_6mpk_vc26csharp_practical_vir_model17ordinary_carriers10structural14source_clauses13sequence_data48generate_csharp_practical_ordinary_sequence_data in libmpk_vc-43a77541129f1733.rlib[9](mpk_vc-43a77541129f1733.0o3pbw8kvbc328go145icp3fu.19qvrf1.rcgu.o)
                __RNvNtNtNtNtNtCsiRk0bvHVOSr_6mpk_vc26csharp_practical_vir_model17ordinary_carriers10structural14source_clauses13sequence_data48generate_csharp_practical_ordinary_sequence_data in libmpk_vc-43a77541129f1733.rlib[9](mpk_vc-43a77541129f1733.0o3pbw8kvbc328go145icp3fu.19qvrf1.rcgu.o)
                __RNvNtNtNtNtNtCsiRk0bvHVOSr_6mpk_vc26csharp_practical_vir_model17ordinary_carriers10structural14source_clauses11string_data46generate_csharp_practical_ordinary_string_data in libmpk_vc-43a77541129f1733.rlib[15](mpk_vc-43a77541129f1733.115vy638sbp3zxppiyukhc04e.19qvrf1.rcgu.o)
                __RNvNtNtNtNtNtCsiRk0bvHVOSr_6mpk_vc26csharp_practical_vir_model17ordinary_carriers10structural14source_clauses11string_data46generate_csharp_practical_ordinary_string_data in libmpk_vc-43a77541129f1733.rlib[15](mpk_vc-43a77541129f1733.115vy638sbp3zxppiyukhc04e.19qvrf1.rcgu.o)
                __RNvNtNtNtNtNtCsiRk0bvHVOSr_6mpk_vc26csharp_practical_vir_model17ordinary_carriers10structural14source_clauses13floating_data48generate_csharp_practical_ordinary_floating_data in libmpk_vc-43a77541129f1733.rlib[28](mpk_vc-43a77541129f1733.1ggognwjrlr8q1b10n2jcrxqe.19qvrf1.rcgu.o)
                __RNvNtNtNtNtNtCsiRk0bvHVOSr_6mpk_vc26csharp_practical_vir_model17ordinary_carriers10structural14source_clauses13floating_data48generate_csharp_practical_ordinary_floating_data in libmpk_vc-43a77541129f1733.rlib[28](mpk_vc-43a77541129f1733.1ggognwjrlr8q1b10n2jcrxqe.19qvrf1.rcgu.o)
                __RNvNtNtNtNtNtCsiRk0bvHVOSr_6mpk_vc26csharp_practical_vir_model17ordinary_carriers10structural14source_clauses11lifted_data46generate_csharp_practical_ordinary_lifted_data in libmpk_vc-43a77541129f1733.rlib[94](mpk_vc-43a77541129f1733.5uzzhf2zujgjy3xy3nrnq0qnw.19qvrf1.rcgu.o)
                __RNvNtNtNtNtNtCsiRk0bvHVOSr_6mpk_vc26csharp_practical_vir_model17ordinary_carriers10structural14source_clauses11lifted_data46generate_csharp_practical_ordinary_lifted_data in libmpk_vc-43a77541129f1733.rlib[94](mpk_vc-43a77541129f1733.5uzzhf2zujgjy3xy3nrnq0qnw.19qvrf1.rcgu.o)
                ...
            "__RINvNtCsgtPOCBgevO_4core3ptr9drop_glueINtNtNtNtCslJsSqIQKwiA_5alloc11collections5btree3map8IntoIterINtNtBJ_3vec3VechENtNtBF_7set_val9SetValZSTEECsiRk0bvHVOSr_6mpk_vc.llvm.358913832166069894", referenced from:
                __RNvNtNtNtNtCsiRk0bvHVOSr_6mpk_vc26csharp_practical_vir_model17ordinary_carriers11scalar_bits11json_syntax46generate_csharp_practical_ordinary_json_syntax in libmpk_vc-43a77541129f1733.rlib[82](mpk_vc-43a77541129f1733.561bpvvvls9m7rfli68jansnr.19qvrf1.rcgu.o)
                __RNvNtNtNtNtCsiRk0bvHVOSr_6mpk_vc26csharp_practical_vir_model17ordinary_carriers11scalar_bits11json_syntax46generate_csharp_practical_ordinary_json_syntax in libmpk_vc-43a77541129f1733.rlib[82](mpk_vc-43a77541129f1733.561bpvvvls9m7rfli68jansnr.19qvrf1.rcgu.o)
                __RNvNtNtNtNtCsiRk0bvHVOSr_6mpk_vc26csharp_practical_vir_model17ordinary_carriers11scalar_bits11json_syntax46generate_csharp_practical_ordinary_json_syntax in libmpk_vc-43a77541129f1733.rlib[82](mpk_vc-43a77541129f1733.561bpvvvls9m7rfli68jansnr.19qvrf1.rcgu.o)
                __RNvNtNtNtNtCsiRk0bvHVOSr_6mpk_vc26csharp_practical_vir_model17ordinary_carriers11scalar_bits11json_syntax46generate_csharp_practical_ordinary_json_syntax in libmpk_vc-43a77541129f1733.rlib[82](mpk_vc-43a77541129f1733.561bpvvvls9m7rfli68jansnr.19qvrf1.rcgu.o)
            "__RINvNtCsgtPOCBgevO_4core3ptr9drop_glueINtNtNtNtCslJsSqIQKwiA_5alloc11collections5btree3map8IntoIterNtNtBJ_6string6StringNtNtBF_7set_val9SetValZSTEECsiRk0bvHVOSr_6mpk_vc.llvm.358913832166069894", referenced from:
                __RNvMNtNtCsiRk0bvHVOSr_6mpk_vc26csharp_practical_vir_model10data_phaseNtB2_18DataBindingClosure6derive in libmpk_vc-43a77541129f1733.rlib[14](mpk_vc-43a77541129f1733.0xzk2ujjdyxhv4hbrqiv07pnk.19qvrf1.rcgu.o)
                __RNvMNtNtCsiRk0bvHVOSr_6mpk_vc26csharp_practical_vir_model10data_phaseNtB2_18DataBindingClosure6derive in libmpk_vc-43a77541129f1733.rlib[14](mpk_vc-43a77541129f1733.0xzk2ujjdyxhv4hbrqiv07pnk.19qvrf1.rcgu.o)
                __RNvNtNtCsiRk0bvHVOSr_6mpk_vc26csharp_practical_vir_model10data_phase21attach_data_contracts in libmpk_vc-43a77541129f1733.rlib[14](mpk_vc-43a77541129f1733.0xzk2ujjdyxhv4hbrqiv07pnk.19qvrf1.rcgu.o)
                __RNvNtNtCsiRk0bvHVOSr_6mpk_vc26csharp_practical_vir_model10data_phase23derive_data_type_routes in libmpk_vc-43a77541129f1733.rlib[14](mpk_vc-43a77541129f1733.0xzk2ujjdyxhv4hbrqiv07pnk.19qvrf1.rcgu.o)
                __RNvNtNtCsiRk0bvHVOSr_6mpk_vc26csharp_practical_vir_model10data_phase23derive_data_type_routes in libmpk_vc-43a77541129f1733.rlib[14](mpk_vc-43a77541129f1733.0xzk2ujjdyxhv4hbrqiv07pnk.19qvrf1.rcgu.o)
                __RNvNtNtCsiRk0bvHVOSr_6mpk_vc26csharp_practical_vir_model10data_phase23derive_data_type_routes in libmpk_vc-43a77541129f1733.rlib[14](mpk_vc-43a77541129f1733.0xzk2ujjdyxhv4hbrqiv07pnk.19qvrf1.rcgu.o)
                __RINvNtCsiRk0bvHVOSr_6mpk_vc31csharp_practical_vir_validation43reconstruct_symbolic_construction_ownershipKb0_EB4_ in libmpk_vc-43a77541129f1733.rlib[17](mpk_vc-43a77541129f1733.11jitdouimdlzr8rk4jv6j4t9.19qvrf1.rcgu.o)
                __RINvNtCsiRk0bvHVOSr_6mpk_vc31csharp_practical_vir_validation43reconstruct_symbolic_construction_ownershipKb0_EB4_ in libmpk_vc-43a77541129f1733.rlib[17](mpk_vc-43a77541129f1733.11jitdouimdlzr8rk4jv6j4t9.19qvrf1.rcgu.o)
                __RINvNtCsiRk0bvHVOSr_6mpk_vc31csharp_practical_vir_validation43reconstruct_symbolic_construction_ownershipKb0_EB4_ in libmpk_vc-43a77541129f1733.rlib[17](mpk_vc-43a77541129f1733.11jitdouimdlzr8rk4jv6j4t9.19qvrf1.rcgu.o)
                ...
            "__RINvNtCsgtPOCBgevO_4core3ptr9drop_glueINtNtNtNtCslJsSqIQKwiA_5alloc11collections5btree3map8IntoIterNtNtBJ_6string6StringNtNtCsiRk0bvHVOSr_6mpk_vc26csharp_practical_vir_model21BindingTypeProjectionEEB1Y_.llvm.358913832166069894", referenced from:
                __RNvNtNtCsiRk0bvHVOSr_6mpk_vc26csharp_practical_vir_model13data_emission16binding_emission in libmpk_vc-43a77541129f1733.rlib[137](mpk_vc-43a77541129f1733.8eqh2iwaqlz0zi53zse66t0rf.19qvrf1.rcgu.o)
            "__RINvNtCsgtPOCBgevO_4core3ptr9drop_glueINtNtNtNtCslJsSqIQKwiA_5alloc11collections5btree3map8IntoIterNtNtBJ_6string6StringNtNtCsiRk0bvHVOSr_6mpk_vc26csharp_practical_vir_model24ClosedOperationSignatureEEB1Y_.llvm.358913832166069894", referenced from:
                __RNvNtNtCsiRk0bvHVOSr_6mpk_vc26csharp_practical_vir_model10data_phase25data_contract_environment in libmpk_vc-43a77541129f1733.rlib[14](mpk_vc-43a77541129f1733.0xzk2ujjdyxhv4hbrqiv07pnk.19qvrf1.rcgu.o)
                __RNvNtNtCsiRk0bvHVOSr_6mpk_vc26csharp_practical_vir_model13data_emission21foundation_signatures in libmpk_vc-43a77541129f1733.rlib[137](mpk_vc-43a77541129f1733.8eqh2iwaqlz0zi53zse66t0rf.19qvrf1.rcgu.o)
                __RNvNtNtCsiRk0bvHVOSr_6mpk_vc26csharp_practical_vir_model13data_emission31derive_source_control_functions in libmpk_vc-43a77541129f1733.rlib[137](mpk_vc-43a77541129f1733.8eqh2iwaqlz0zi53zse66t0rf.19qvrf1.rcgu.o)
                __RNvMs5_NtCsiRk0bvHVOSr_6mpk_vc31csharp_practical_vir_validationNtB5_21ValidatedPracticalVir31symbolic_construction_ownership in libmpk_vc-43a77541129f1733.rlib[216](mpk_vc-43a77541129f1733.cj49h6th1o5cd22g9japwrnjl.19qvrf1.rcgu.o)
                __RNvNtCsiRk0bvHVOSr_6mpk_vc31csharp_practical_vir_validation40canonical_csharp_practical_vir_transport in libmpk_vc-43a77541129f1733.rlib[216](mpk_vc-43a77541129f1733.cj49h6th1o5cd22g9japwrnjl.19qvrf1.rcgu.o)
                __RNvNtCsiRk0bvHVOSr_6mpk_vc31csharp_practical_vir_validation40canonical_csharp_practical_vir_transport in libmpk_vc-43a77541129f1733.rlib[216](mpk_vc-43a77541129f1733.cj49h6th1o5cd22g9japwrnjl.19qvrf1.rcgu.o)
            "__RINvNtCsgtPOCBgevO_4core3ptr9drop_glueINtNtNtNtCslJsSqIQKwiA_5alloc11collections5btree3map8IntoIterNtNtBJ_6string6StringNtNtCsiRk0bvHVOSr_6mpk_vc31csharp_practical_vir_validation25SymbolicConstructionBlockEEB1Y_.llvm.358913832166069894", referenced from:
                __RINvNtCsiRk0bvHVOSr_6mpk_vc31csharp_practical_vir_validation43reconstruct_symbolic_construction_ownershipKb0_EB4_ in libmpk_vc-43a77541129f1733.rlib[17](mpk_vc-43a77541129f1733.11jitdouimdlzr8rk4jv6j4t9.19qvrf1.rcgu.o)
                __RINvNtCsiRk0bvHVOSr_6mpk_vc31csharp_practical_vir_validation43reconstruct_symbolic_construction_ownershipKb1_EB4_ in libmpk_vc-43a77541129f1733.rlib[17](mpk_vc-43a77541129f1733.11jitdouimdlzr8rk4jv6j4t9.19qvrf1.rcgu.o)
            "__RINvNtCsgtPOCBgevO_4core3ptr9drop_glueINtNtNtNtCslJsSqIQKwiA_5alloc11collections5btree3map8IntoIterNtNtBJ_6string6StringNtNtNtCsiRk0bvHVOSr_6mpk_vc26csharp_practical_vir_model17ordinary_carriers15OrdinaryCarrierEEB20_.llvm.358913832166069894", referenced from:
                __RNvNtNtNtNtNtCsiRk0bvHVOSr_6mpk_vc26csharp_practical_vir_model17ordinary_carriers10structural9relations20transition_snapshots55generate_csharp_practical_ordinary_transition_snapshots in libmpk_vc-43a77541129f1733.rlib[7](mpk_vc-43a77541129f1733.0e5bcrfv5cyzo0u5klugz5a7y.19qvrf1.rcgu.o)
                __RNvNtNtNtNtNtCsiRk0bvHVOSr_6mpk_vc26csharp_practical_vir_model17ordinary_carriers10structural9relations20transition_snapshots55generate_csharp_practical_ordinary_transition_snapshots in libmpk_vc-43a77541129f1733.rlib[7](mpk_vc-43a77541129f1733.0e5bcrfv5cyzo0u5klugz5a7y.19qvrf1.rcgu.o)
                __RNvNtNtNtNtNtCsiRk0bvHVOSr_6mpk_vc26csharp_practical_vir_model17ordinary_carriers10structural9relations20transition_snapshots55generate_csharp_practical_ordinary_transition_snapshots in libmpk_vc-43a77541129f1733.rlib[7](mpk_vc-43a77541129f1733.0e5bcrfv5cyzo0u5klugz5a7y.19qvrf1.rcgu.o)
                __RNvNtNtNtNtNtCsiRk0bvHVOSr_6mpk_vc26csharp_practical_vir_model17ordinary_carriers11scalar_bits13json_products15boundary_fields14codec_carriers in libmpk_vc-43a77541129f1733.rlib[10](mpk_vc-43a77541129f1733.0p2enporh6gezuf53bx1hxgig.19qvrf1.rcgu.o)
                __RNvNtNtNtNtNtCsiRk0bvHVOSr_6mpk_vc26csharp_practical_vir_model17ordinary_carriers10structural9relations9money_ops40generate_csharp_practical_ordinary_money in libmpk_vc-43a77541129f1733.rlib[52](mpk_vc-43a77541129f1733.2vfddq082poug4s6o09vly8wb.19qvrf1.rcgu.o)
                __RNvNtNtNtNtNtCsiRk0bvHVOSr_6mpk_vc26csharp_practical_vir_model17ordinary_carriers10structural9relations9money_ops40generate_csharp_practical_ordinary_money in libmpk_vc-43a77541129f1733.rlib[52](mpk_vc-43a77541129f1733.2vfddq082poug4s6o09vly8wb.19qvrf1.rcgu.o)
                __RNvNtNtNtNtNtCsiRk0bvHVOSr_6mpk_vc26csharp_practical_vir_model17ordinary_carriers10structural9relations9money_ops40generate_csharp_practical_ordinary_money in libmpk_vc-43a77541129f1733.rlib[52](mpk_vc-43a77541129f1733.2vfddq082poug4s6o09vly8wb.19qvrf1.rcgu.o)
                ...
            "__RINvNtCsgtPOCBgevO_4core3ptr9drop_glueINtNtNtNtCslJsSqIQKwiA_5alloc11collections5btree3map8IntoIterNtNtBJ_6string6StringNtNtNtCsiRk0bvHVOSr_6mpk_vc26csharp_practical_vir_model7data_vc22DataSemanticDefinitionEEB20_.llvm.358913832166069894", referenced from:
                __RNvNtNtCsiRk0bvHVOSr_6mpk_vc26csharp_practical_vir_model7data_vc17generate_data_vcs in libmpk_vc-43a77541129f1733.rlib[157](mpk_vc-43a77541129f1733.995qx07f9zexxdk7yncjt53nq.19qvrf1.rcgu.o)
                __RNvNtNtCsiRk0bvHVOSr_6mpk_vc26csharp_practical_vir_model7data_vc17generate_data_vcs in libmpk_vc-43a77541129f1733.rlib[157](mpk_vc-43a77541129f1733.995qx07f9zexxdk7yncjt53nq.19qvrf1.rcgu.o)
            "__RINvNtCsgtPOCBgevO_4core3ptr9drop_glueINtNtNtNtCslJsSqIQKwiA_5alloc11collections5btree3map8IntoIterNtNtBJ_6string6StringNtNtNtNtNtNtCsiRk0bvHVOSr_6mpk_vc26csharp_practical_vir_model17ordinary_carriers10structural9relations17binding_relations24OrdinaryBindingPredicateEEB26_.llvm.358913832166069894", referenced from:
                __RNvNtNtNtNtNtNtCsiRk0bvHVOSr_6mpk_vc26csharp_practical_vir_model17ordinary_carriers10structural9relations17binding_relations14boundary_rules49generate_csharp_practical_ordinary_boundary_rules in libmpk_vc-43a77541129f1733.rlib[230](mpk_vc-43a77541129f1733.det1q0f6rdl00pzdgcuc3u54m.19qvrf1.rcgu.o)
            "__RINvNtCsgtPOCBgevO_4core3ptr9drop_glueINtNtNtNtCslJsSqIQKwiA_5alloc11collections5btree3map8IntoIterTNtNtBJ_6string6StringB1A_ENtNtBF_7set_val9SetValZSTEECsiRk0bvHVOSr_6mpk_vc.llvm.358913832166069894", referenced from:
                __RINvNtCsiRk0bvHVOSr_6mpk_vc31csharp_practical_vir_validation43reconstruct_symbolic_construction_ownershipKb0_EB4_ in libmpk_vc-43a77541129f1733.rlib[17](mpk_vc-43a77541129f1733.11jitdouimdlzr8rk4jv6j4t9.19qvrf1.rcgu.o)
                __RINvNtCsiRk0bvHVOSr_6mpk_vc31csharp_practical_vir_validation43reconstruct_symbolic_construction_ownershipKb0_EB4_ in libmpk_vc-43a77541129f1733.rlib[17](mpk_vc-43a77541129f1733.11jitdouimdlzr8rk4jv6j4t9.19qvrf1.rcgu.o)
                __RINvNtCsiRk0bvHVOSr_6mpk_vc31csharp_practical_vir_validation43reconstruct_symbolic_construction_ownershipKb0_EB4_ in libmpk_vc-43a77541129f1733.rlib[17](mpk_vc-43a77541129f1733.11jitdouimdlzr8rk4jv6j4t9.19qvrf1.rcgu.o)
                __RINvNtCsiRk0bvHVOSr_6mpk_vc31csharp_practical_vir_validation43reconstruct_symbolic_construction_ownershipKb0_EB4_ in libmpk_vc-43a77541129f1733.rlib[17](mpk_vc-43a77541129f1733.11jitdouimdlzr8rk4jv6j4t9.19qvrf1.rcgu.o)
                __RINvNtCsiRk0bvHVOSr_6mpk_vc31csharp_practical_vir_validation43reconstruct_symbolic_construction_ownershipKb0_EB4_ in libmpk_vc-43a77541129f1733.rlib[17](mpk_vc-43a77541129f1733.11jitdouimdlzr8rk4jv6j4t9.19qvrf1.rcgu.o)
                __RINvNtCsiRk0bvHVOSr_6mpk_vc31csharp_practical_vir_validation43reconstruct_symbolic_construction_ownershipKb1_EB4_ in libmpk_vc-43a77541129f1733.rlib[17](mpk_vc-43a77541129f1733.11jitdouimdlzr8rk4jv6j4t9.19qvrf1.rcgu.o)
                __RINvNtCsiRk0bvHVOSr_6mpk_vc31csharp_practical_vir_validation43reconstruct_symbolic_construction_ownershipKb1_EB4_ in libmpk_vc-43a77541129f1733.rlib[17](mpk_vc-43a77541129f1733.11jitdouimdlzr8rk4jv6j4t9.19qvrf1.rcgu.o)
                __RINvNtCsiRk0bvHVOSr_6mpk_vc31csharp_practical_vir_validation43reconstruct_symbolic_construction_ownershipKb1_EB4_ in libmpk_vc-43a77541129f1733.rlib[17](mpk_vc-43a77541129f1733.11jitdouimdlzr8rk4jv6j4t9.19qvrf1.rcgu.o)
                __RINvNtCsiRk0bvHVOSr_6mpk_vc31csharp_practical_vir_validation43reconstruct_symbolic_construction_ownershipKb1_EB4_ in libmpk_vc-43a77541129f1733.rlib[17](mpk_vc-43a77541129f1733.11jitdouimdlzr8rk4jv6j4t9.19qvrf1.rcgu.o)
                __RINvNtCsiRk0bvHVOSr_6mpk_vc31csharp_practical_vir_validation43reconstruct_symbolic_construction_ownershipKb1_EB4_ in libmpk_vc-43a77541129f1733.rlib[17](mpk_vc-43a77541129f1733.11jitdouimdlzr8rk4jv6j4t9.19qvrf1.rcgu.o)
                ...
            "__RINvNtCsgtPOCBgevO_4core3ptr9drop_glueINtNtNtNtCslJsSqIQKwiA_5alloc11collections5btree3map8IntoIterjNtNtCsiRk0bvHVOSr_6mpk_vc26csharp_practical_vir_model13TypedValueRefEEB1E_.llvm.358913832166069894", referenced from:
                __RNvMs0_NtNtCsiRk0bvHVOSr_6mpk_vc26csharp_practical_vir_model13data_emissionNtB5_7Emitter10expression in libmpk_vc-43a77541129f1733.rlib[137](mpk_vc-43a77541129f1733.8eqh2iwaqlz0zi53zse66t0rf.19qvrf1.rcgu.o)
                __RNvMs0_NtNtCsiRk0bvHVOSr_6mpk_vc26csharp_practical_vir_model13data_emissionNtB5_7Emitter10expression in libmpk_vc-43a77541129f1733.rlib[137](mpk_vc-43a77541129f1733.8eqh2iwaqlz0zi53zse66t0rf.19qvrf1.rcgu.o)
                __RNvMs0_NtNtCsiRk0bvHVOSr_6mpk_vc26csharp_practical_vir_model13data_emissionNtB5_7Emitter10expression in libmpk_vc-43a77541129f1733.rlib[137](mpk_vc-43a77541129f1733.8eqh2iwaqlz0zi53zse66t0rf.19qvrf1.rcgu.o)
                __RNvMs0_NtNtCsiRk0bvHVOSr_6mpk_vc26csharp_practical_vir_model13data_emissionNtB5_7Emitter9statement in libmpk_vc-43a77541129f1733.rlib[137](mpk_vc-43a77541129f1733.8eqh2iwaqlz0zi53zse66t0rf.19qvrf1.rcgu.o)
                __RNvMs0_NtNtCsiRk0bvHVOSr_6mpk_vc26csharp_practical_vir_model13data_emissionNtB5_7Emitter9statement in libmpk_vc-43a77541129f1733.rlib[137](mpk_vc-43a77541129f1733.8eqh2iwaqlz0zi53zse66t0rf.19qvrf1.rcgu.o)
                __RNvMs0_NtNtCsiRk0bvHVOSr_6mpk_vc26csharp_practical_vir_model13data_emissionNtB5_7Emitter9statement in libmpk_vc-43a77541129f1733.rlib[137](mpk_vc-43a77541129f1733.8eqh2iwaqlz0zi53zse66t0rf.19qvrf1.rcgu.o)
            "__RINvNtCsgtPOCBgevO_4core3ptr9drop_glueINtNtNtNtCslJsSqIQKwiA_5alloc11collections5btree3map8IntoIterlNtNtCsiRk0bvHVOSr_6mpk_vc26csharp_practical_vir_model13TypedValueRefEEB1E_.llvm.358913832166069894", referenced from:
                __RNvMs0_NtNtCsiRk0bvHVOSr_6mpk_vc26csharp_practical_vir_model13data_emissionNtB5_7Emitter10expression in libmpk_vc-43a77541129f1733.rlib[137](mpk_vc-43a77541129f1733.8eqh2iwaqlz0zi53zse66t0rf.19qvrf1.rcgu.o)
            "__RINvNtCsgtPOCBgevO_4core3ptr9drop_glueNtNtCs5fzGtNe2pyG_10serde_json5value5ValueECsiRk0bvHVOSr_6mpk_vc.llvm.358913832166069894", referenced from:
                __RINvXs1_NtNtCs5fzGtNe2pyG_10serde_json5value2deINtNtBa_3map3MapNtNtCslJsSqIQKwiA_5alloc6string6StringNtB8_5ValueENtNtCs9ljO6xZjt6Z_10serde_core2de12Deserializer15deserialize_anyINtNtNtNtCs7TuQ740Htma_5serde7private2de7content20TaggedContentVisitorNtNvXNvNtCsiRk0bvHVOSr_6mpk_vc26csharp_practical_vir_models19_1__NtB44_16MonomorphicValueNtB1P_11Deserialize11deserialize7___FieldEEB46_ in libmpk_vc-43a77541129f1733.rlib[33](mpk_vc-43a77541129f1733.1qb80o8bobue9pmnpf6bua1ay.19qvrf1.rcgu.o)
                __RINvXs1_NtNtCs5fzGtNe2pyG_10serde_json5value2deINtNtBa_3map3MapNtNtCslJsSqIQKwiA_5alloc6string6StringNtB8_5ValueENtNtCs9ljO6xZjt6Z_10serde_core2de12Deserializer15deserialize_anyINtNtNtNtCs7TuQ740Htma_5serde7private2de7content20TaggedContentVisitorNtNvXNvNtCsiRk0bvHVOSr_6mpk_vc26csharp_practical_vir_models19_1__NtB44_16MonomorphicValueNtB1P_11Deserialize11deserialize7___FieldEEB46_ in libmpk_vc-43a77541129f1733.rlib[33](mpk_vc-43a77541129f1733.1qb80o8bobue9pmnpf6bua1ay.19qvrf1.rcgu.o)
                __RINvXs1_NtNtCs5fzGtNe2pyG_10serde_json5value2deINtNtBa_3map3MapNtNtCslJsSqIQKwiA_5alloc6string6StringNtB8_5ValueENtNtCs9ljO6xZjt6Z_10serde_core2de12Deserializer15deserialize_anyNtNtNtNtCs7TuQ740Htma_5serde7private2de7content14ContentVisitorECsiRk0bvHVOSr_6mpk_vc in libmpk_vc-43a77541129f1733.rlib[33](mpk_vc-43a77541129f1733.1qb80o8bobue9pmnpf6bua1ay.19qvrf1.rcgu.o)
                __RINvXs1_NtNtCs5fzGtNe2pyG_10serde_json5value2deINtNtBa_3map3MapNtNtCslJsSqIQKwiA_5alloc6string6StringNtB8_5ValueENtNtCs9ljO6xZjt6Z_10serde_core2de12Deserializer15deserialize_anyNtNtNtNtCs7TuQ740Htma_5serde7private2de7content14ContentVisitorECsiRk0bvHVOSr_6mpk_vc in libmpk_vc-43a77541129f1733.rlib[33](mpk_vc-43a77541129f1733.1qb80o8bobue9pmnpf6bua1ay.19qvrf1.rcgu.o)
                __RINvXs1_NtNtCs5fzGtNe2pyG_10serde_json5value2deINtNtBa_3map3MapNtNtCslJsSqIQKwiA_5alloc6string6StringNtB8_5ValueENtNtCs9ljO6xZjt6Z_10serde_core2de12Deserializer15deserialize_anyNtNvXB6_B1B_NtB1P_11Deserialize11deserialize12ValueVisitorECsiRk0bvHVOSr_6mpk_vc in libmpk_vc-43a77541129f1733.rlib[33](mpk_vc-43a77541129f1733.1qb80o8bobue9pmnpf6bua1ay.19qvrf1.rcgu.o)
                __RINvXs1_NtNtCs5fzGtNe2pyG_10serde_json5value2deINtNtBa_3map3MapNtNtCslJsSqIQKwiA_5alloc6string6StringNtB8_5ValueENtNtCs9ljO6xZjt6Z_10serde_core2de12Deserializer15deserialize_anyNtNvXB6_B1B_NtB1P_11Deserialize11deserialize12ValueVisitorECsiRk0bvHVOSr_6mpk_vc in libmpk_vc-43a77541129f1733.rlib[33](mpk_vc-43a77541129f1733.1qb80o8bobue9pmnpf6bua1ay.19qvrf1.rcgu.o)
                __RINvXs1_NtNtCs5fzGtNe2pyG_10serde_json5value2deINtNtBa_3map3MapNtNtCslJsSqIQKwiA_5alloc6string6StringNtB8_5ValueENtNtCs9ljO6xZjt6Z_10serde_core2de12Deserializer15deserialize_anyNtNvXNvNtCsiRk0bvHVOSr_6mpk_vc26csharp_practical_vir_model1__NtB2W_19DefinitionInventoryNtB1P_11Deserialize11deserialize9___VisitorEB2Y_ in libmpk_vc-43a77541129f1733.rlib[33](mpk_vc-43a77541129f1733.1qb80o8bobue9pmnpf6bua1ay.19qvrf1.rcgu.o)
                __RINvXs1_NtNtCs5fzGtNe2pyG_10serde_json5value2deINtNtBa_3map3MapNtNtCslJsSqIQKwiA_5alloc6string6StringNtB8_5ValueENtNtCs9ljO6xZjt6Z_10serde_core2de12Deserializer15deserialize_anyNtNvXNvNtCsiRk0bvHVOSr_6mpk_vc26csharp_practical_vir_model1__NtB2W_19DefinitionInventoryNtB1P_11Deserialize11deserialize9___VisitorEB2Y_ in libmpk_vc-43a77541129f1733.rlib[33](mpk_vc-43a77541129f1733.1qb80o8bobue9pmnpf6bua1ay.19qvrf1.rcgu.o)
                ...
            "__RINvNtCsgtPOCBgevO_4core3ptr9drop_glueNtNtCsiRk0bvHVOSr_6mpk_vc26csharp_practical_vir_model16MonomorphicValueEBE_.llvm.358913832166069894", referenced from:
                __RINvXsr_NtNtNtCs7TuQ740Htma_5serde7private2de7contentINtB6_19ContentDeserializerNtNtCs5fzGtNe2pyG_10serde_json5error5ErrorENtNtCs9ljO6xZjt6Z_10serde_core2de12Deserializer18deserialize_structNtNvXNvNtCsiRk0bvHVOSr_6mpk_vc26csharp_practical_vir_modelsZ_1__NtB39_21NamedMonomorphicValueNtB1Z_11Deserialize11deserialize9___VisitorEB3b_ in libmpk_vc-43a77541129f1733.rlib[84](mpk_vc-43a77541129f1733.59q5t8yrwrqgyjf2kpd8nud7s.19qvrf1.rcgu.o)
                __RINvNtCsgtPOCBgevO_4core3ptr9drop_glueINtNtB4_6result6ResultNtNtCsiRk0bvHVOSr_6mpk_vc31csharp_practical_vir_validation26PracticalVirExceptionValueNtNtCs5fzGtNe2pyG_10serde_json5error5ErrorEEB10_ in libmpk_vc-43a77541129f1733.rlib[218](mpk_vc-43a77541129f1733.ckr1u73umcn1t5l2ewv39juu8.19qvrf1.rcgu.o)
                __RINvXs5_NtCs5fzGtNe2pyG_10serde_json2deQINtB6_12DeserializerNtNtB8_4read9SliceReadENtNtCs9ljO6xZjt6Z_10serde_core2de12Deserializer18deserialize_structNtNvXNvNtCsiRk0bvHVOSr_6mpk_vc31csharp_practical_vir_validationsc_1__NtB2v_26PracticalVirExceptionValueNtB1l_11Deserialize11deserialize9___VisitorEB2x_ in libmpk_vc-43a77541129f1733.rlib[218](mpk_vc-43a77541129f1733.ckr1u73umcn1t5l2ewv39juu8.19qvrf1.rcgu.o)
            "__RINvNtCsgtPOCBgevO_4core3ptr9drop_glueNtNtCsiRk0bvHVOSr_6mpk_vc33csharp_practical_source_artifacts18PracticalJsonValueEBE_.llvm.358913832166069894", referenced from:
                __RNvNtNtCsiRk0bvHVOSr_6mpk_vc26csharp_practical_vir_model14loop_contracts11expressions in libmpk_vc-43a77541129f1733.rlib[5](mpk_vc-43a77541129f1733.05fe1yr4wzg0hwt11fm636ro0.19qvrf1.rcgu.o)
                __RNvNtNtCsiRk0bvHVOSr_6mpk_vc26csharp_practical_vir_model14loop_contracts11expressions in libmpk_vc-43a77541129f1733.rlib[5](mpk_vc-43a77541129f1733.05fe1yr4wzg0hwt11fm636ro0.19qvrf1.rcgu.o)
                __RNvNtNtCsiRk0bvHVOSr_6mpk_vc26csharp_practical_vir_model10data_phase30parse_data_contract_expression in libmpk_vc-43a77541129f1733.rlib[14](mpk_vc-43a77541129f1733.0xzk2ujjdyxhv4hbrqiv07pnk.19qvrf1.rcgu.o)
                __RNvNvNtNtCsiRk0bvHVOSr_6mpk_vc26csharp_practical_vir_model10data_phase21attach_data_contracts6clause in libmpk_vc-43a77541129f1733.rlib[14](mpk_vc-43a77541129f1733.0xzk2ujjdyxhv4hbrqiv07pnk.19qvrf1.rcgu.o)
                __RNCNCNvNtNtCsiRk0bvHVOSr_6mpk_vc26csharp_practical_vir_model10transition6attach0s7_0B9_ in libmpk_vc-43a77541129f1733.rlib[18](mpk_vc-43a77541129f1733.12fs0guuyjm5u439547ypjui2.19qvrf1.rcgu.o)
                __RNvNtNtCsiRk0bvHVOSr_6mpk_vc26csharp_practical_vir_model15contract_import39import_verification_contract_expression in libmpk_vc-43a77541129f1733.rlib[156](mpk_vc-43a77541129f1733.98oqiyopfpq6vdwydhno9pys8.19qvrf1.rcgu.o)
            "__RINvNtCsgtPOCBgevO_4core3ptr9drop_glueNtNtCsiRk0bvHVOSr_6mpk_vc3vir7VirTypeEBE_.llvm.358913832166069894", referenced from:
                __RNvNtCsiRk0bvHVOSr_6mpk_vc12java_profile15valid_selection in libmpk_vc-43a77541129f1733.rlib[183](mpk_vc-43a77541129f1733.a8kxagqadvje6u9alvi3lh454.19qvrf1.rcgu.o)
                __RNvNtCsiRk0bvHVOSr_6mpk_vc12java_profile15valid_selection in libmpk_vc-43a77541129f1733.rlib[183](mpk_vc-43a77541129f1733.a8kxagqadvje6u9alvi3lh454.19qvrf1.rcgu.o)
            "__RINvNtCsgtPOCBgevO_4core3ptr9drop_glueNtNtNtCs9ljO6xZjt6Z_10serde_core7private7content7ContentECsiRk0bvHVOSr_6mpk_vc.llvm.358913832166069894", referenced from:
                __RINvYNtNvXNvNtCsiRk0bvHVOSr_6mpk_vc31csharp_practical_vir_validations8_1__NtBa_27PracticalConstructionActionNtNtCs9ljO6xZjt6Z_10serde_core2de11Deserialize11deserialize9___VisitorNtB1K_7Visitor10visit_someINtNtNtNtCs7TuQ740Htma_5serde7private2de7content19ContentDeserializerNtNtCs5fzGtNe2pyG_10serde_json5error5ErrorEEBc_ in libmpk_vc-43a77541129f1733.rlib[17](mpk_vc-43a77541129f1733.11jitdouimdlzr8rk4jv6j4t9.19qvrf1.rcgu.o)
                __RINvYNtNvXNvNtCsiRk0bvHVOSr_6mpk_vc31csharp_practical_vir_validations8_1__NtBa_27PracticalConstructionActionNtNtCs9ljO6xZjt6Z_10serde_core2de11Deserialize11deserialize9___VisitorNtB1K_7Visitor10visit_someINtNtNtNtCs7TuQ740Htma_5serde7private2de7content19ContentDeserializerNtNtCs5fzGtNe2pyG_10serde_json5error5ErrorEEBc_ in libmpk_vc-43a77541129f1733.rlib[17](mpk_vc-43a77541129f1733.11jitdouimdlzr8rk4jv6j4t9.19qvrf1.rcgu.o)
                __RINvYNtNvXNvNtCsiRk0bvHVOSr_6mpk_vc31csharp_practical_vir_validations8_1__NtBa_27PracticalConstructionActionNtNtCs9ljO6xZjt6Z_10serde_core2de11Deserialize11deserialize9___VisitorNtB1K_7Visitor20visit_newtype_structINtNtNtNtCs7TuQ740Htma_5serde7private2de7content19ContentDeserializerNtNtCs5fzGtNe2pyG_10serde_json5error5ErrorEEBc_ in libmpk_vc-43a77541129f1733.rlib[17](mpk_vc-43a77541129f1733.11jitdouimdlzr8rk4jv6j4t9.19qvrf1.rcgu.o)
                __RINvYNtNvXNvNtCsiRk0bvHVOSr_6mpk_vc31csharp_practical_vir_validations8_1__NtBa_27PracticalConstructionActionNtNtCs9ljO6xZjt6Z_10serde_core2de11Deserialize11deserialize9___VisitorNtB1K_7Visitor20visit_newtype_structINtNtNtNtCs7TuQ740Htma_5serde7private2de7content19ContentDeserializerNtNtCs5fzGtNe2pyG_10serde_json5error5ErrorEEBc_ in libmpk_vc-43a77541129f1733.rlib[17](mpk_vc-43a77541129f1733.11jitdouimdlzr8rk4jv6j4t9.19qvrf1.rcgu.o)
                __RINvYNtNvXNvNtCsiRk0bvHVOSr_6mpk_vc31csharp_practical_vir_validations8_1__NtBa_27PracticalConstructionActionNtNtCs9ljO6xZjt6Z_10serde_core2de11Deserialize11deserializes0_9___VisitorNtB1K_7Visitor10visit_someINtNtNtNtCs7TuQ740Htma_5serde7private2de7content19ContentDeserializerNtNtCs5fzGtNe2pyG_10serde_json5error5ErrorEEBc_ in libmpk_vc-43a77541129f1733.rlib[17](mpk_vc-43a77541129f1733.11jitdouimdlzr8rk4jv6j4t9.19qvrf1.rcgu.o)
                __RINvYNtNvXNvNtCsiRk0bvHVOSr_6mpk_vc31csharp_practical_vir_validations8_1__NtBa_27PracticalConstructionActionNtNtCs9ljO6xZjt6Z_10serde_core2de11Deserialize11deserializes0_9___VisitorNtB1K_7Visitor10visit_someINtNtNtNtCs7TuQ740Htma_5serde7private2de7content19ContentDeserializerNtNtCs5fzGtNe2pyG_10serde_json5error5ErrorEEBc_ in libmpk_vc-43a77541129f1733.rlib[17](mpk_vc-43a77541129f1733.11jitdouimdlzr8rk4jv6j4t9.19qvrf1.rcgu.o)
                __RINvYNtNvXNvNtCsiRk0bvHVOSr_6mpk_vc31csharp_practical_vir_validations8_1__NtBa_27PracticalConstructionActionNtNtCs9ljO6xZjt6Z_10serde_core2de11Deserialize11deserializes0_9___VisitorNtB1K_7Visitor20visit_newtype_structINtNtNtNtCs7TuQ740Htma_5serde7private2de7content19ContentDeserializerNtNtCs5fzGtNe2pyG_10serde_json5error5ErrorEEBc_ in libmpk_vc-43a77541129f1733.rlib[17](mpk_vc-43a77541129f1733.11jitdouimdlzr8rk4jv6j4t9.19qvrf1.rcgu.o)
                __RINvYNtNvXNvNtCsiRk0bvHVOSr_6mpk_vc31csharp_practical_vir_validations8_1__NtBa_27PracticalConstructionActionNtNtCs9ljO6xZjt6Z_10serde_core2de11Deserialize11deserializes0_9___VisitorNtB1K_7Visitor20visit_newtype_structINtNtNtNtCs7TuQ740Htma_5serde7private2de7content19ContentDeserializerNtNtCs5fzGtNe2pyG_10serde_json5error5ErrorEEBc_ in libmpk_vc-43a77541129f1733.rlib[17](mpk_vc-43a77541129f1733.11jitdouimdlzr8rk4jv6j4t9.19qvrf1.rcgu.o)
                ...
            "__RINvNtCsgtPOCBgevO_4core3ptr9drop_glueNtNtNtCsiRk0bvHVOSr_6mpk_vc26csharp_practical_vir_model15contract_import12ContractTermEBG_.llvm.358913832166069894", referenced from:
                __RNvNtNtCsiRk0bvHVOSr_6mpk_vc26csharp_practical_vir_model12exception_vc14terminal_goals in libmpk_vc-43a77541129f1733.rlib[43](mpk_vc-43a77541129f1733.2f41gzcdgbb0sf74kwxe83lc3.19qvrf1.rcgu.o)
                __RNvNtNtCsiRk0bvHVOSr_6mpk_vc26csharp_practical_vir_model12exception_vc14terminal_goals in libmpk_vc-43a77541129f1733.rlib[43](mpk_vc-43a77541129f1733.2f41gzcdgbb0sf74kwxe83lc3.19qvrf1.rcgu.o)
                __RNvNtNtCsiRk0bvHVOSr_6mpk_vc26csharp_practical_vir_model12exception_vc14terminal_goals in libmpk_vc-43a77541129f1733.rlib[43](mpk_vc-43a77541129f1733.2f41gzcdgbb0sf74kwxe83lc3.19qvrf1.rcgu.o)
                __RNvNtNtCsiRk0bvHVOSr_6mpk_vc26csharp_practical_vir_model12exception_vc14terminal_goals in libmpk_vc-43a77541129f1733.rlib[43](mpk_vc-43a77541129f1733.2f41gzcdgbb0sf74kwxe83lc3.19qvrf1.rcgu.o)
                __RNvNtNtCsiRk0bvHVOSr_6mpk_vc26csharp_practical_vir_model12exception_vc14terminal_goals in libmpk_vc-43a77541129f1733.rlib[43](mpk_vc-43a77541129f1733.2f41gzcdgbb0sf74kwxe83lc3.19qvrf1.rcgu.o)
                __RNvNtNtCsiRk0bvHVOSr_6mpk_vc26csharp_practical_vir_model12exception_vc14terminal_goals in libmpk_vc-43a77541129f1733.rlib[43](mpk_vc-43a77541129f1733.2f41gzcdgbb0sf74kwxe83lc3.19qvrf1.rcgu.o)
                __RNvNtNtCsiRk0bvHVOSr_6mpk_vc26csharp_practical_vir_model12exception_vc14terminal_goals in libmpk_vc-43a77541129f1733.rlib[43](mpk_vc-43a77541129f1733.2f41gzcdgbb0sf74kwxe83lc3.19qvrf1.rcgu.o)
                __RNvNtNtCsiRk0bvHVOSr_6mpk_vc26csharp_practical_vir_model12exception_vc14terminal_goals in libmpk_vc-43a77541129f1733.rlib[43](mpk_vc-43a77541129f1733.2f41gzcdgbb0sf74kwxe83lc3.19qvrf1.rcgu.o)
                __RNvNtNtCsiRk0bvHVOSr_6mpk_vc26csharp_practical_vir_model12exception_vc14terminal_goals in libmpk_vc-43a77541129f1733.rlib[43](mpk_vc-43a77541129f1733.2f41gzcdgbb0sf74kwxe83lc3.19qvrf1.rcgu.o)
                __RNvNtNtCsiRk0bvHVOSr_6mpk_vc26csharp_practical_vir_model12exception_vc14terminal_goals in libmpk_vc-43a77541129f1733.rlib[43](mpk_vc-43a77541129f1733.2f41gzcdgbb0sf74kwxe83lc3.19qvrf1.rcgu.o)
                ...
            "__RINvNtCsgtPOCBgevO_4core3ptr9drop_glueNtNtNtCsiRk0bvHVOSr_6mpk_vc26csharp_practical_vir_model17ordinary_carriers13OrdinaryShapeEBG_.llvm.358913832166069894", referenced from:
                __RNvNtNtNtNtNtCsiRk0bvHVOSr_6mpk_vc26csharp_practical_vir_model17ordinary_carriers10structural9relations20transition_snapshots25product_member_definition in libmpk_vc-43a77541129f1733.rlib[7](mpk_vc-43a77541129f1733.0e5bcrfv5cyzo0u5klugz5a7y.19qvrf1.rcgu.o)
                __RNvNtNtNtNtNtCsiRk0bvHVOSr_6mpk_vc26csharp_practical_vir_model17ordinary_carriers10structural9relations20transition_snapshots25product_member_definition in libmpk_vc-43a77541129f1733.rlib[7](mpk_vc-43a77541129f1733.0e5bcrfv5cyzo0u5klugz5a7y.19qvrf1.rcgu.o)
                __RNvNtNtNtNtNtCsiRk0bvHVOSr_6mpk_vc26csharp_practical_vir_model17ordinary_carriers10structural9relations20transition_snapshots25product_member_definition in libmpk_vc-43a77541129f1733.rlib[7](mpk_vc-43a77541129f1733.0e5bcrfv5cyzo0u5klugz5a7y.19qvrf1.rcgu.o)
                __RNvNtNtNtNtNtCsiRk0bvHVOSr_6mpk_vc26csharp_practical_vir_model17ordinary_carriers11scalar_bits13json_products15boundary_fields14codec_carriers in libmpk_vc-43a77541129f1733.rlib[10](mpk_vc-43a77541129f1733.0p2enporh6gezuf53bx1hxgig.19qvrf1.rcgu.o)
                __RNvMs_NtNtNtNtCsiRk0bvHVOSr_6mpk_vc26csharp_practical_vir_model17ordinary_carriers10structural19binding_projectionsNtB4_11Projections7convert in libmpk_vc-43a77541129f1733.rlib[41](mpk_vc-43a77541129f1733.276p58kohhcwhu01ksstshq6h.19qvrf1.rcgu.o)
                __RNvMs_NtNtNtNtCsiRk0bvHVOSr_6mpk_vc26csharp_practical_vir_model17ordinary_carriers10structural19binding_projectionsNtB4_11Projections8sum_body in libmpk_vc-43a77541129f1733.rlib[41](mpk_vc-43a77541129f1733.276p58kohhcwhu01ksstshq6h.19qvrf1.rcgu.o)
                __RNvMs_NtNtNtNtCsiRk0bvHVOSr_6mpk_vc26csharp_practical_vir_model17ordinary_carriers10structural19binding_projectionsNtB4_11Projections8sum_body in libmpk_vc-43a77541129f1733.rlib[41](mpk_vc-43a77541129f1733.276p58kohhcwhu01ksstshq6h.19qvrf1.rcgu.o)
                ...
            "__RINvNtCsgtPOCBgevO_4core3ptr9drop_glueTNtNtCslJsSqIQKwiA_5alloc6string6StringBB_BB_EECsiRk0bvHVOSr_6mpk_vc.llvm.358913832166069894", referenced from:
                __RINvMNtNtNtCslJsSqIQKwiA_5alloc11collections5btree6appendINtNtB5_4node7NodeRefNtNtBW_6marker5OwnedTNtNtB9_6string6StringB1z_B1z_ENtNtB5_7set_val9SetValZSTNtB1g_14LeafOrInternalE9bulk_pushINtNtB5_17dedup_sorted_iter15DedupSortedIterB1y_B23_INtNtNtNtCsgtPOCBgevO_4core4iter8adapters3map3MapINtNtNtB9_3vec9into_iter8IntoIterB1y_ENCINvMse_NtB5_3setINtB5n_8BTreeSetB1y_E16from_sorted_iterB4C_E0EENtNtB9_5alloc6GlobalECsiRk0bvHVOSr_6mpk_vc in libmpk_vc-43a77541129f1733.rlib[109](mpk_vc-43a77541129f1733.6oe9iw54pu8pmrrrp7igrc90n.19qvrf1.rcgu.o)
                __RINvMNtNtNtCslJsSqIQKwiA_5alloc11collections5btree6appendINtNtB5_4node7NodeRefNtNtBW_6marker5OwnedTNtNtB9_6string6StringB1z_B1z_ENtNtB5_7set_val9SetValZSTNtB1g_14LeafOrInternalE9bulk_pushINtNtB5_17dedup_sorted_iter15DedupSortedIterB1y_B23_INtNtNtNtCsgtPOCBgevO_4core4iter8adapters3map3MapINtNtNtB9_3vec9into_iter8IntoIterB1y_ENCINvMse_NtB5_3setINtB5n_8BTreeSetB1y_E16from_sorted_iterB4C_E0EENtNtB9_5alloc6GlobalECsiRk0bvHVOSr_6mpk_vc in libmpk_vc-43a77541129f1733.rlib[109](mpk_vc-43a77541129f1733.6oe9iw54pu8pmrrrp7igrc90n.19qvrf1.rcgu.o)
            "__RINvNtNtNtNtCsgtPOCBgevO_4core5slice4sort6shared9smallsort11insert_tailNtNtCs5fzGtNe2pyG_10serde_json5value5ValueNCINvMNtCslJsSqIQKwiA_5alloc5sliceSB17_7sort_byNCNvNtCsiRk0bvHVOSr_6mpk_vc26csharp_practical_vir_model29validate_definition_inventorys1_0E0EB2E_.llvm.7882073632906793698", referenced from:
                __RINvMNtCslJsSqIQKwiA_5alloc5sliceSNtNtCs5fzGtNe2pyG_10serde_json5value5Value7sort_byNCNvNtCsiRk0bvHVOSr_6mpk_vc26csharp_practical_vir_model29validate_definition_inventorys1_0EB1q_ in libmpk_vc-43a77541129f1733.rlib[95](mpk_vc-43a77541129f1733.5v4px5cpkj12ryzon77uxnrjy.19qvrf1.rcgu.o)
            "__RINvNtNtNtNtCsgtPOCBgevO_4core5slice4sort6shared9smallsort11insert_tailNtNtCsiRk0bvHVOSr_6mpk_vc25csharp_practical_vc_model24PracticalControlEncodingNCINvMNtCslJsSqIQKwiA_5alloc5sliceSB17_7sort_byNCNvB19_23build_control_encodings0E0EB1b_.llvm.7882073632906793698", referenced from:
                __RNvNtCsiRk0bvHVOSr_6mpk_vc25csharp_practical_vc_model11expected_vc in libmpk_vc-43a77541129f1733.rlib[189](mpk_vc-43a77541129f1733.aq2ocvww74hjkcgiytdxeogz5.19qvrf1.rcgu.o)
            "__RINvNtNtNtNtCsgtPOCBgevO_4core5slice4sort6shared9smallsort11insert_tailNtNtCsiRk0bvHVOSr_6mpk_vc25csharp_practical_vc_model24PracticalObligationGroupNCINvMNtCslJsSqIQKwiA_5alloc5sliceSB17_7sort_byNCNvB19_23build_obligation_groupssl_0E0EB1b_.llvm.7882073632906793698", referenced from:
                __RNvNtCsiRk0bvHVOSr_6mpk_vc25csharp_practical_vc_model23build_obligation_groups in libmpk_vc-43a77541129f1733.rlib[189](mpk_vc-43a77541129f1733.aq2ocvww74hjkcgiytdxeogz5.19qvrf1.rcgu.o)
            "__RINvNtNtNtNtCsgtPOCBgevO_4core5slice4sort6shared9smallsort11insert_tailNtNtCsiRk0bvHVOSr_6mpk_vc26csharp_practical_vir_model24ClosedOperationSignatureNCINvMNtCslJsSqIQKwiA_5alloc5sliceSB17_7sort_byNCNvNtB1b_33csharp_practical_source_artifacts31build_concrete_operation_tables0E0EB1b_.llvm.7882073632906793698", referenced from:
                __RNvNtCsiRk0bvHVOSr_6mpk_vc33csharp_practical_source_artifacts31build_concrete_operation_tables in libmpk_vc-43a77541129f1733.rlib[13](mpk_vc-43a77541129f1733.0wdv1wicbfgep4bzfb64a8vg9.19qvrf1.rcgu.o)
            "__RINvNtNtNtNtCsgtPOCBgevO_4core5slice4sort6shared9smallsort11insert_tailNtNtCsiRk0bvHVOSr_6mpk_vc26csharp_practical_vir_model27BindingOperationCommutationNCINvMNtCslJsSqIQKwiA_5alloc5sliceSB17_7sort_byNCNvNtB19_13data_emission16binding_emissionsg_0E0EB1b_.llvm.7882073632906793698", referenced from:
                __RINvMNtCslJsSqIQKwiA_5alloc5sliceSNtNtCsiRk0bvHVOSr_6mpk_vc26csharp_practical_vir_model27BindingOperationCommutation7sort_byNCNvNtBy_13data_emission16binding_emissionsg_0EBA_ in libmpk_vc-43a77541129f1733.rlib[137](mpk_vc-43a77541129f1733.8eqh2iwaqlz0zi53zse66t0rf.19qvrf1.rcgu.o)
            "__RINvNtNtNtNtCsgtPOCBgevO_4core5slice4sort6shared9smallsort11insert_tailNtNtCsiRk0bvHVOSr_6mpk_vc31csharp_practical_vir_validation19PracticalVirLiteralNCINvMNtCslJsSqIQKwiA_5alloc5sliceSB17_7sort_byNCNvMs0_NtNtB1b_26csharp_practical_vir_model13data_emissionNtB3h_7Emitter7compilesd_0E0EB1b_.llvm.7882073632906793698", referenced from:
                __RINvMNtCslJsSqIQKwiA_5alloc5sliceSNtNtCsiRk0bvHVOSr_6mpk_vc31csharp_practical_vir_validation19PracticalVirLiteral7sort_byNCNvMs0_NtNtBA_26csharp_practical_vir_model13data_emissionNtB23_7Emitter7compilesd_0EBA_ in libmpk_vc-43a77541129f1733.rlib[137](mpk_vc-43a77541129f1733.8eqh2iwaqlz0zi53zse66t0rf.19qvrf1.rcgu.o)
            "__RINvNtNtNtNtCsgtPOCBgevO_4core5slice4sort6shared9smallsort11insert_tailNtNtCsiRk0bvHVOSr_6mpk_vc31csharp_practical_vir_validation20PracticalVirPhiValueNCINvMNtCslJsSqIQKwiA_5alloc5sliceSB17_7sort_byNCNvMNtNtNtB1b_26csharp_practical_vir_model13data_emission16control_emissionNtB3h_7Emitter12control_bodys1v_0E0EB1b_.llvm.7882073632906793698", referenced from:
                __RINvMNtCslJsSqIQKwiA_5alloc5sliceSNtNtCsiRk0bvHVOSr_6mpk_vc31csharp_practical_vir_validation20PracticalVirPhiValue7sort_byNCNvMNtNtNtBA_26csharp_practical_vir_model13data_emission16control_emissionNtB23_7Emitter12control_bodys1v_0EBA_ in libmpk_vc-43a77541129f1733.rlib[137](mpk_vc-43a77541129f1733.8eqh2iwaqlz0zi53zse66t0rf.19qvrf1.rcgu.o)
            "__RINvNtNtNtNtCsgtPOCBgevO_4core5slice4sort6shared9smallsort11insert_tailNtNtCsiRk0bvHVOSr_6mpk_vc31csharp_practical_vir_validation20PracticalVirPhiValueNCINvMNtCslJsSqIQKwiA_5alloc5sliceSB17_7sort_byNCNvMs0_NtNtB1b_26csharp_practical_vir_model13data_emissionNtB3i_7Emitter17branch_with_valuesd_0E0EB1b_.llvm.7882073632906793698", referenced from:
                __RINvMNtCslJsSqIQKwiA_5alloc5sliceSNtNtCsiRk0bvHVOSr_6mpk_vc31csharp_practical_vir_validation20PracticalVirPhiValue7sort_byNCNvMs0_NtNtBA_26csharp_practical_vir_model13data_emissionNtB24_7Emitter17branch_with_valuesd_0EBA_ in libmpk_vc-43a77541129f1733.rlib[137](mpk_vc-43a77541129f1733.8eqh2iwaqlz0zi53zse66t0rf.19qvrf1.rcgu.o)
            "__RINvNtNtNtNtCsgtPOCBgevO_4core5slice4sort6shared9smallsort11insert_tailNtNtCsiRk0bvHVOSr_6mpk_vc31csharp_practical_vir_validation23PracticalVirPhiIncomingNCINvMNtCslJsSqIQKwiA_5alloc5sliceSB17_7sort_byNCNvMNtNtNtB1b_26csharp_practical_vir_model13data_emission16control_emissionNtB3k_7Emitter12control_bodys1u_0E0EB1b_.llvm.7882073632906793698", referenced from:
                __RINvMNtCslJsSqIQKwiA_5alloc5sliceSNtNtCsiRk0bvHVOSr_6mpk_vc31csharp_practical_vir_validation23PracticalVirPhiIncoming7sort_byNCNvMNtNtNtBA_26csharp_practical_vir_model13data_emission16control_emissionNtB26_7Emitter12control_bodys1u_0EBA_ in libmpk_vc-43a77541129f1733.rlib[137](mpk_vc-43a77541129f1733.8eqh2iwaqlz0zi53zse66t0rf.19qvrf1.rcgu.o)
            "__RINvNtNtNtNtCsgtPOCBgevO_4core5slice4sort6shared9smallsort11insert_tailNtNtCsiRk0bvHVOSr_6mpk_vc31csharp_practical_vir_validation23PracticalVirPhiIncomingNCINvMNtCslJsSqIQKwiA_5alloc5sliceSB17_7sort_byNCNvMNtNtNtNtB1b_26csharp_practical_vir_model13data_emission16control_emission8patternsNtB3m_7Emitter15pattern_compares_0E0EB1b_.llvm.7882073632906793698", referenced from:
                __RNvMNtNtNtNtCsiRk0bvHVOSr_6mpk_vc26csharp_practical_vir_model13data_emission16control_emission8patternsNtB6_7Emitter15pattern_compare in libmpk_vc-43a77541129f1733.rlib[137](mpk_vc-43a77541129f1733.8eqh2iwaqlz0zi53zse66t0rf.19qvrf1.rcgu.o)
            "__RINvNtNtNtNtCsgtPOCBgevO_4core5slice4sort6shared9smallsort11insert_tailNtNtCsiRk0bvHVOSr_6mpk_vc31csharp_practical_vir_validation23PracticalVirPhiIncomingNCINvMNtCslJsSqIQKwiA_5alloc5sliceSB17_7sort_byNCNvNvMs0_NtNtB1b_26csharp_practical_vir_model13data_emissionNtB3n_7Emitter17branch_with_value5merges1_0E0EB1b_.llvm.7882073632906793698", referenced from:
                __RNvNvMs0_NtNtCsiRk0bvHVOSr_6mpk_vc26csharp_practical_vir_model13data_emissionNtB7_7Emitter17branch_with_value5merge in libmpk_vc-43a77541129f1733.rlib[137](mpk_vc-43a77541129f1733.8eqh2iwaqlz0zi53zse66t0rf.19qvrf1.rcgu.o)
            "__RINvNtNtNtNtCsgtPOCBgevO_4core5slice4sort6shared9smallsort11insert_tailNtNtCsiRk0bvHVOSr_6mpk_vc33csharp_practical_source_artifacts11ArtifactRefNCINvMNtCslJsSqIQKwiA_5alloc5sliceSB17_7sort_byNCNvB19_14normalize_refs0E0EB1b_.llvm.7882073632906793698", referenced from:
                __RNvNtCsiRk0bvHVOSr_6mpk_vc33csharp_practical_source_artifacts14normalize_refs in libmpk_vc-43a77541129f1733.rlib[13](mpk_vc-43a77541129f1733.0wdv1wicbfgep4bzfb64a8vg9.19qvrf1.rcgu.o)
            "__RINvNtNtNtNtCsgtPOCBgevO_4core5slice4sort6shared9smallsort11insert_tailNtNtCsiRk0bvHVOSr_6mpk_vc33csharp_practical_source_artifacts13OriginalInputNCINvMNtCslJsSqIQKwiA_5alloc5sliceSB17_7sort_byNCNvB19_23capture_original_inputs0E0EB1b_.llvm.7882073632906793698", referenced from:
                __RNvNtCsiRk0bvHVOSr_6mpk_vc33csharp_practical_source_artifacts23capture_original_inputs in libmpk_vc-43a77541129f1733.rlib[13](mpk_vc-43a77541129f1733.0wdv1wicbfgep4bzfb64a8vg9.19qvrf1.rcgu.o)
            "__RINvNtNtNtNtCsgtPOCBgevO_4core5slice4sort6shared9smallsort11insert_tailNtNtCsiRk0bvHVOSr_6mpk_vc33csharp_practical_source_artifacts20SemanticBindingInputNCINvMNtCslJsSqIQKwiA_5alloc5sliceSB17_7sort_byNCNvB19_23build_semantic_bindings0E0EB1b_.llvm.7882073632906793698", referenced from:
                __RNvNtCsiRk0bvHVOSr_6mpk_vc33csharp_practical_source_artifacts23build_semantic_bindings in libmpk_vc-43a77541129f1733.rlib[13](mpk_vc-43a77541129f1733.0wdv1wicbfgep4bzfb64a8vg9.19qvrf1.rcgu.o)
            "__RINvNtNtNtNtCsgtPOCBgevO_4core5slice4sort6shared9smallsort11insert_tailNtNtCsiRk0bvHVOSr_6mpk_vc33csharp_practical_source_artifacts20SourceMapDeclarationNCINvMNtCslJsSqIQKwiA_5alloc5sliceSB17_7sort_byNCNvB19_26build_practical_source_map0E0EB1b_.llvm.7882073632906793698", referenced from:
                __RNvNtCsiRk0bvHVOSr_6mpk_vc33csharp_practical_source_artifacts26build_practical_source_map in libmpk_vc-43a77541129f1733.rlib[13](mpk_vc-43a77541129f1733.0wdv1wicbfgep4bzfb64a8vg9.19qvrf1.rcgu.o)
            "__RINvNtNtNtNtCsgtPOCBgevO_4core5slice4sort6shared9smallsort11insert_tailNtNtCslJsSqIQKwiA_5alloc6string6StringNCINvMNtB1b_5sliceSB17_11sort_by_keymNCNvMNtNtNtCsiRk0bvHVOSr_6mpk_vc26csharp_practical_vir_model13data_emission16control_emissionNtB2r_7Emitter12control_bodys1y_0E0EB2v_.llvm.7882073632906793698", referenced from:
                __RINvMNtCslJsSqIQKwiA_5alloc5sliceSNtNtB5_6string6String11sort_by_keymNCNvMNtNtNtCsiRk0bvHVOSr_6mpk_vc26csharp_practical_vir_model13data_emission16control_emissionNtB1c_7Emitter12control_bodys1y_0EB1g_ in libmpk_vc-43a77541129f1733.rlib[137](mpk_vc-43a77541129f1733.8eqh2iwaqlz0zi53zse66t0rf.19qvrf1.rcgu.o)
            "__RINvNtNtNtNtCsgtPOCBgevO_4core5slice4sort6shared9smallsort11insert_tailNtNtCslJsSqIQKwiA_5alloc6string6StringNvYB17_NtNtBa_3cmp10PartialOrd2ltECsiRk0bvHVOSr_6mpk_vc.llvm.7882073632906793698", referenced from:
                __RNvNtCsiRk0bvHVOSr_6mpk_vc33csharp_practical_source_artifacts26build_practical_source_map in libmpk_vc-43a77541129f1733.rlib[13](mpk_vc-43a77541129f1733.0wdv1wicbfgep4bzfb64a8vg9.19qvrf1.rcgu.o)
                __RNvNtNtCsiRk0bvHVOSr_6mpk_vc26csharp_practical_vir_model10data_phase23derive_data_type_routes in libmpk_vc-43a77541129f1733.rlib[14](mpk_vc-43a77541129f1733.0xzk2ujjdyxhv4hbrqiv07pnk.19qvrf1.rcgu.o)
                __RNvNtNtCsiRk0bvHVOSr_6mpk_vc26csharp_practical_vir_model10control_vc20generate_control_vcs in libmpk_vc-43a77541129f1733.rlib[49](mpk_vc-43a77541129f1733.2r8cfoonrzcehkr8j88uzd9mh.19qvrf1.rcgu.o)
                __RNvNtNtCsiRk0bvHVOSr_6mpk_vc26csharp_practical_vir_model10control_vc20generate_control_vcs in libmpk_vc-43a77541129f1733.rlib[49](mpk_vc-43a77541129f1733.2r8cfoonrzcehkr8j88uzd9mh.19qvrf1.rcgu.o)
                __RNvNtNtCsiRk0bvHVOSr_6mpk_vc26csharp_practical_vir_model10control_vc20generate_control_vcs in libmpk_vc-43a77541129f1733.rlib[49](mpk_vc-43a77541129f1733.2r8cfoonrzcehkr8j88uzd9mh.19qvrf1.rcgu.o)
                __RNvNtNtCsiRk0bvHVOSr_6mpk_vc26csharp_practical_vir_model11boundary_vc21generate_boundary_vcs in libmpk_vc-43a77541129f1733.rlib[65](mpk_vc-43a77541129f1733.42sqa5lxyjvy7wta4e7e056ko.19qvrf1.rcgu.o)
                __RNvNtNtNtNtNtCsiRk0bvHVOSr_6mpk_vc26csharp_practical_vir_model17ordinary_carriers10structural19binding_projections8rebuilds13emit_rebuilds in libmpk_vc-43a77541129f1733.rlib[78](mpk_vc-43a77541129f1733.50zxmluxom46ql4xpg3epfwz8.19qvrf1.rcgu.o)
                ...
            "__RINvNtNtNtNtCsgtPOCBgevO_4core5slice4sort6shared9smallsort11insert_tailNtNtNtCsiRk0bvHVOSr_6mpk_vc26csharp_practical_vir_model10binding_vc14BindingSequentNCINvMNtCslJsSqIQKwiA_5alloc5sliceSB17_7sort_byNCNvB19_20generate_binding_vcssb_0E0EB1d_.llvm.7882073632906793698", referenced from:
                __RINvMNtCslJsSqIQKwiA_5alloc5sliceSNtNtNtCsiRk0bvHVOSr_6mpk_vc26csharp_practical_vir_model10binding_vc14BindingSequent7sort_byNCNvBy_20generate_binding_vcssb_0EBC_ in libmpk_vc-43a77541129f1733.rlib[79](mpk_vc-43a77541129f1733.51yeag5r8q5ogg0yhoz4lymzm.19qvrf1.rcgu.o)
            "__RINvNtNtNtNtCsgtPOCBgevO_4core5slice4sort6shared9smallsort11insert_tailNtNtNtCsiRk0bvHVOSr_6mpk_vc26csharp_practical_vir_model10control_vc14ControlSequentNCINvMNtCslJsSqIQKwiA_5alloc5sliceSB17_7sort_byNCNvB19_20generate_control_vcssA_0E0EB1d_.llvm.7882073632906793698", referenced from:
                __RNvNtNtCsiRk0bvHVOSr_6mpk_vc26csharp_practical_vir_model10control_vc20generate_control_vcs in libmpk_vc-43a77541129f1733.rlib[49](mpk_vc-43a77541129f1733.2r8cfoonrzcehkr8j88uzd9mh.19qvrf1.rcgu.o)
            "__RINvNtNtNtNtCsgtPOCBgevO_4core5slice4sort6shared9smallsort11insert_tailNtNtNtCsiRk0bvHVOSr_6mpk_vc26csharp_practical_vir_model10control_vc14ControlSequentNCINvMNtCslJsSqIQKwiA_5alloc5sliceSB17_7sort_byNCNvNtB1b_12exception_vc22generate_exception_vcssE_0E0EB1d_.llvm.7882073632906793698", referenced from:
                __RNvNtNtCsiRk0bvHVOSr_6mpk_vc26csharp_practical_vir_model12exception_vc22generate_exception_vcs in libmpk_vc-43a77541129f1733.rlib[43](mpk_vc-43a77541129f1733.2f41gzcdgbb0sf74kwxe83lc3.19qvrf1.rcgu.o)
            "__RINvNtNtNtNtCsgtPOCBgevO_4core5slice4sort6shared9smallsort11insert_tailNtNtNtCsiRk0bvHVOSr_6mpk_vc26csharp_practical_vir_model11boundary_vc15BoundarySequentNCINvMNtCslJsSqIQKwiA_5alloc5sliceSB17_7sort_byNCNvMB19_NtB19_17BoundaryVcProgram6finish0E0EB1d_.llvm.7882073632906793698", referenced from:
                __RNvMNtNtCsiRk0bvHVOSr_6mpk_vc26csharp_practical_vir_model11boundary_vcNtB2_17BoundaryVcProgram6finish in libmpk_vc-43a77541129f1733.rlib[65](mpk_vc-43a77541129f1733.42sqa5lxyjvy7wta4e7e056ko.19qvrf1.rcgu.o)
            "__RINvNtNtNtNtCsgtPOCBgevO_4core5slice4sort6shared9smallsort11insert_tailNtNtNtCsiRk0bvHVOSr_6mpk_vc26csharp_practical_vir_model11boundary_vc23BoundaryValueDefinitionNCINvMNtCslJsSqIQKwiA_5alloc5sliceSB17_7sort_byNCNvMs1_B19_NtNtB1b_13data_emission16EmittedDataPhase25generate_boundary_run_vcss0_0E0EB1d_.llvm.7882073632906793698", referenced from:
                __RINvMNtCslJsSqIQKwiA_5alloc5sliceSNtNtNtCsiRk0bvHVOSr_6mpk_vc26csharp_practical_vir_model11boundary_vc23BoundaryValueDefinition7sort_byNCNvMs1_By_NtNtBA_13data_emission16EmittedDataPhase25generate_boundary_run_vcss0_0EBC_ in libmpk_vc-43a77541129f1733.rlib[137](mpk_vc-43a77541129f1733.8eqh2iwaqlz0zi53zse66t0rf.19qvrf1.rcgu.o)
            "__RINvNtNtNtNtCsgtPOCBgevO_4core5slice4sort6shared9smallsort11insert_tailNtNtNtCsiRk0bvHVOSr_6mpk_vc26csharp_practical_vir_model13transition_vc17TransitionSequentNCINvMNtCslJsSqIQKwiA_5alloc5sliceSB17_7sort_byNCNvMB19_NtB19_19TransitionVcProgram6finish0E0EB1d_.llvm.7882073632906793698", referenced from:
                __RNvNtNtCsiRk0bvHVOSr_6mpk_vc26csharp_practical_vir_model13transition_vc23generate_transition_vcs in libmpk_vc-43a77541129f1733.rlib[160](mpk_vc-43a77541129f1733.9epfql2fdqvzqvs7ggts8kw4e.19qvrf1.rcgu.o)
            "__RINvNtNtNtNtCsgtPOCBgevO_4core5slice4sort6shared9smallsort11insert_tailNtNtNtCsiRk0bvHVOSr_6mpk_vc26csharp_practical_vir_model13transition_vc22TransitionSnapshotNodeNCINvMNtCslJsSqIQKwiA_5alloc5sliceSB17_7sort_byNCNvMB19_NtB19_19TransitionVcProgram6finishs_0E0EB1d_.llvm.7882073632906793698", referenced from:
                __RNvNtNtCsiRk0bvHVOSr_6mpk_vc26csharp_practical_vir_model13transition_vc23generate_transition_vcs in libmpk_vc-43a77541129f1733.rlib[160](mpk_vc-43a77541129f1733.9epfql2fdqvzqvs7ggts8kw4e.19qvrf1.rcgu.o)
            "__RINvNtNtNtNtCsgtPOCBgevO_4core5slice4sort6shared9smallsort11insert_tailNtNtNtCsiRk0bvHVOSr_6mpk_vc26csharp_practical_vir_model15construction_vc19ConstructionSequentNCINvMNtCslJsSqIQKwiA_5alloc5sliceSB17_7sort_byNCNvB19_25generate_construction_vcssl_0E0EB1d_.llvm.7882073632906793698", referenced from:
                __RINvMNtCslJsSqIQKwiA_5alloc5sliceSNtNtNtCsiRk0bvHVOSr_6mpk_vc26csharp_practical_vir_model15construction_vc19ConstructionSequent7sort_byNCNvBy_25generate_construction_vcssl_0EBC_ in libmpk_vc-43a77541129f1733.rlib[35](mpk_vc-43a77541129f1733.1xes5iiiz5nfpsg1d4bouk1hn.19qvrf1.rcgu.o)
            "__RINvNtNtNtNtCsgtPOCBgevO_4core5slice4sort6shared9smallsort11insert_tailNtNtNtCsiRk0bvHVOSr_6mpk_vc26csharp_practical_vir_model19ordered_collections26OrderedCollectionOperationNCINvMNtCslJsSqIQKwiA_5alloc5sliceSB17_7sort_byNCNvMs_B19_NtB19_22OrderedCollectionModel3news2_0E0EB1d_.llvm.7882073632906793698", referenced from:
                __RINvMNtCslJsSqIQKwiA_5alloc5sliceSNtNtNtCsiRk0bvHVOSr_6mpk_vc26csharp_practical_vir_model19ordered_collections26OrderedCollectionOperation7sort_byNCNvMs_By_NtBy_22OrderedCollectionModel3news2_0EBC_ in libmpk_vc-43a77541129f1733.rlib[247](mpk_vc-43a77541129f1733.ej8h8ttt1z53tneafkbvhzwsw.19qvrf1.rcgu.o)
            "__RINvNtNtNtNtCsgtPOCBgevO_4core5slice4sort6shared9smallsort11insert_tailNtNtNtCsiRk0bvHVOSr_6mpk_vc26csharp_practical_vir_model7data_vc15DataOperationVcNCINvMNtCslJsSqIQKwiA_5alloc5sliceSB17_7sort_byNCNvB19_17generate_data_vcss3_0E0EB1d_.llvm.7882073632906793698", referenced from:
                __RNvNtNtCsiRk0bvHVOSr_6mpk_vc26csharp_practical_vir_model7data_vc17generate_data_vcs in libmpk_vc-43a77541129f1733.rlib[157](mpk_vc-43a77541129f1733.995qx07f9zexxdk7yncjt53nq.19qvrf1.rcgu.o)
            "__RINvNtNtNtNtCsgtPOCBgevO_4core5slice4sort6shared9smallsort11insert_tailNtNtNtCsiRk0bvHVOSr_6mpk_vc26csharp_practical_vir_model7data_vc15DataOwnershipVcNCINvMNtCslJsSqIQKwiA_5alloc5sliceSB17_7sort_byNCNvB19_17generate_data_vcss4_0E0EB1d_.llvm.7882073632906793698", referenced from:
                __RNvNtNtCsiRk0bvHVOSr_6mpk_vc26csharp_practical_vir_model7data_vc17generate_data_vcs in libmpk_vc-43a77541129f1733.rlib[157](mpk_vc-43a77541129f1733.995qx07f9zexxdk7yncjt53nq.19qvrf1.rcgu.o)
            "__RINvNtNtNtNtCsgtPOCBgevO_4core5slice4sort6shared9smallsort11insert_tailNtNtNtCsiRk0bvHVOSr_6mpk_vc26csharp_practical_vir_model7data_vc22DataSemanticDefinitionNCINvMNtCslJsSqIQKwiA_5alloc5sliceSB17_7sort_byNCNvB19_17generate_data_vcss2_0E0EB1d_.llvm.7882073632906793698", referenced from:
                __RNvNtNtCsiRk0bvHVOSr_6mpk_vc26csharp_practical_vir_model7data_vc17generate_data_vcs in libmpk_vc-43a77541129f1733.rlib[157](mpk_vc-43a77541129f1733.995qx07f9zexxdk7yncjt53nq.19qvrf1.rcgu.o)
            "__RINvNtNtNtNtCsgtPOCBgevO_4core5slice4sort6shared9smallsort11insert_tailNtNtNtNtNtCsiRk0bvHVOSr_6mpk_vc26csharp_practical_vir_model17ordinary_carriers10structural13non_templates23OrdinaryFiniteOperationNCINvMNtCslJsSqIQKwiA_5alloc5sliceSB17_7sort_byNCNvB19_11emit_finites4_0E0EB1h_.llvm.7882073632906793698", referenced from:
                __RNvNtNtNtNtCsiRk0bvHVOSr_6mpk_vc26csharp_practical_vir_model17ordinary_carriers10structural13non_templates11emit_finite in libmpk_vc-43a77541129f1733.rlib[205](mpk_vc-43a77541129f1733.bsvbgxwry66rgeuq8nqyyfk3a.19qvrf1.rcgu.o)
            "__RINvNtNtNtNtCsgtPOCBgevO_4core5slice4sort6shared9smallsort11insert_tailRNtNtCsiRk0bvHVOSr_6mpk_vc33csharp_practical_source_artifacts21CapturedOriginalInputNCINvMNtCslJsSqIQKwiA_5alloc5sliceSB17_11sort_by_keyReNCNvMs0_NtNtB1c_26csharp_practical_vir_model11data_sourceNtB3t_19ValidatedDataSource21import_captured_factss0_0E0EB1c_.llvm.7882073632906793698", referenced from:
                __RNvMs0_NtNtCsiRk0bvHVOSr_6mpk_vc26csharp_practical_vir_model11data_sourceNtB5_19ValidatedDataSource21import_captured_facts in libmpk_vc-43a77541129f1733.rlib[145](mpk_vc-43a77541129f1733.8rg2hlzc4zlm2eidmg1v81jq9.19qvrf1.rcgu.o)
            "__RINvNtNtNtNtCsgtPOCBgevO_4core5slice4sort6shared9smallsort11insert_tailRNtNtCslJsSqIQKwiA_5alloc6string6StringNvYB17_NtNtBa_3cmp10PartialOrd2ltECsiRk0bvHVOSr_6mpk_vc.llvm.7882073632906793698", referenced from:
                __RINvXsd_NtNtNtCslJsSqIQKwiA_5alloc11collections5btree3setINtB6_8BTreeSetRNtNtBc_6string6StringEINtNtNtNtCsgtPOCBgevO_4core4iter6traits7collect12FromIteratorB18_E9from_iterINtNtB8_3map4KeysB19_NtNtCsiRk0bvHVOSr_6mpk_vc26csharp_practical_vir_model13TypedValueRefEEB38_ in libmpk_vc-43a77541129f1733.rlib[248](mpk_vc-43a77541129f1733.ej9z5spna1ktdxdva2tum0u07.19qvrf1.rcgu.o)
                __RINvXsd_NtNtNtCslJsSqIQKwiA_5alloc11collections5btree3setINtB6_8BTreeSetRNtNtBc_6string6StringEINtNtNtNtCsgtPOCBgevO_4core4iter6traits7collect12FromIteratorB18_E9from_iterINtNtB8_3map6ValuesB19_B19_EECsiRk0bvHVOSr_6mpk_vc in libmpk_vc-43a77541129f1733.rlib[248](mpk_vc-43a77541129f1733.ej9z5spna1ktdxdva2tum0u07.19qvrf1.rcgu.o)
                __RINvXsd_NtNtNtCslJsSqIQKwiA_5alloc11collections5btree3setINtB6_8BTreeSetRNtNtBc_6string6StringEINtNtNtNtCsgtPOCBgevO_4core4iter6traits7collect12FromIteratorB18_E9from_iterINtNtNtB1C_8adapters3map3MapINtNtB2O_6filter6FilterINtNtB2O_7flatten7FlatMapINtNtNtB1E_5slice4iter4IterNtNtNtNtNtCsiRk0bvHVOSr_6mpk_vc26csharp_practical_vir_model17ordinary_carriers10structural14ownership_flow22OrdinaryOwnershipStateERINtNtB8_3map8BTreeMapB19_B19_ENCNvNtNtB4s_14source_clauses13control_edges15memory_bindingss0_0ENCB72_s1_0ENCB72_s2_0EEB4y_ in libmpk_vc-43a77541129f1733.rlib[248](mpk_vc-43a77541129f1733.ej9z5spna1ktdxdva2tum0u07.19qvrf1.rcgu.o)
                __RINvXsd_NtNtNtCslJsSqIQKwiA_5alloc11collections5btree3setINtB6_8BTreeSetRNtNtBc_6string6StringEINtNtNtNtCsgtPOCBgevO_4core4iter6traits7collect12FromIteratorB18_E9from_iterINtNtNtB1C_8adapters3map3MapINtNtB2O_7flatten7FlatMapINtNtNtB1E_5slice4iter4IterNtNtNtCsiRk0bvHVOSr_6mpk_vc26csharp_practical_vir_model15contract_import26VerifiedContractExpressionERSNtB43_18ContractDefinitionNCNvNtB47_25csharp_practical_vc_model11expected_vcs_0ENCB68_s0_0EEB47_ in libmpk_vc-43a77541129f1733.rlib[248](mpk_vc-43a77541129f1733.ej9z5spna1ktdxdva2tum0u07.19qvrf1.rcgu.o)
                __RINvXsd_NtNtNtCslJsSqIQKwiA_5alloc11collections5btree3setINtB6_8BTreeSetRNtNtBc_6string6StringEINtNtNtNtCsgtPOCBgevO_4core4iter6traits7collect12FromIteratorB18_E9from_iterINtNtNtB1C_8adapters3map3MapINtNtNtB1E_5slice4iter4IterNtNtCsiRk0bvHVOSr_6mpk_vc33csharp_practical_source_artifacts18SemanticArmMappingENCNvNvMNtNtB3G_26csharp_practical_vir_model10data_phaseNtB52_18DataBindingClosure6derive7resolves2_0EEB3G_ in libmpk_vc-43a77541129f1733.rlib[248](mpk_vc-43a77541129f1733.ej9z5spna1ktdxdva2tum0u07.19qvrf1.rcgu.o)
                __RINvXsd_NtNtNtCslJsSqIQKwiA_5alloc11collections5btree3setINtB6_8BTreeSetRNtNtBc_6string6StringEINtNtNtNtCsgtPOCBgevO_4core4iter6traits7collect12FromIteratorB18_E9from_iterINtNtNtB1C_8adapters3map3MapINtNtNtB1E_5slice4iter4IterTB19_B19_EENCNvNtNtNtNtCsiRk0bvHVOSr_6mpk_vc26csharp_practical_vir_model13data_emission16control_emission11completions6expands7_0EEB3Z_ in libmpk_vc-43a77541129f1733.rlib[248](mpk_vc-43a77541129f1733.ej9z5spna1ktdxdva2tum0u07.19qvrf1.rcgu.o)
                __RINvXsd_NtNtNtCslJsSqIQKwiA_5alloc11collections5btree3setINtB6_8BTreeSetRNtNtBc_6string6StringEINtNtNtNtCsgtPOCBgevO_4core4iter6traits7collect12FromIteratorB18_E9from_iterINtNtNtB1E_5slice4iter4IterB19_EECsiRk0bvHVOSr_6mpk_vc in libmpk_vc-43a77541129f1733.rlib[248](mpk_vc-43a77541129f1733.ej9z5spna1ktdxdva2tum0u07.19qvrf1.rcgu.o)
                ...
            "__RINvNtNtNtNtCsgtPOCBgevO_4core5slice4sort6shared9smallsort11insert_tailRTNtNtCslJsSqIQKwiA_5alloc6string6StringNtNtCsiRk0bvHVOSr_6mpk_vc14canonical_json15StrictJsonValueENCINvMNtB1d_5sliceSB17_7sort_byNCNvB1N_21write_canonical_value0E0EB1P_.llvm.7882073632906793698", referenced from:
                __RNvNtCsiRk0bvHVOSr_6mpk_vc14canonical_json21write_canonical_value.llvm.1427618149050941284 in libmpk_vc-43a77541129f1733.rlib[22](mpk_vc-43a77541129f1733.169v2w9ntz9ckvd48ig7vy6om.19qvrf1.rcgu.o)
            "__RINvNtNtNtNtCsgtPOCBgevO_4core5slice4sort6shared9smallsort11insert_tailReNCINvMNtCslJsSqIQKwiA_5alloc5sliceSB17_11sort_by_keymNCNvNtCsiRk0bvHVOSr_6mpk_vc31csharp_practical_vir_validation20control_predecessorss_0E0EB26_.llvm.7882073632906793698", referenced from:
                __RNvNtCsiRk0bvHVOSr_6mpk_vc31csharp_practical_vir_validation20control_predecessors in libmpk_vc-43a77541129f1733.rlib[216](mpk_vc-43a77541129f1733.cj49h6th1o5cd22g9japwrnjl.19qvrf1.rcgu.o)
            "__RINvNtNtNtNtCsgtPOCBgevO_4core5slice4sort6shared9smallsort11insert_tailReNvYB17_NtNtBa_3cmp10PartialOrd2ltECsiRk0bvHVOSr_6mpk_vc.llvm.7882073632906793698", referenced from:
                __RNvMs5_NtCsiRk0bvHVOSr_6mpk_vc31csharp_practical_vir_validationNtB5_21ValidatedPracticalVir31symbolic_construction_ownership in libmpk_vc-43a77541129f1733.rlib[216](mpk_vc-43a77541129f1733.cj49h6th1o5cd22g9japwrnjl.19qvrf1.rcgu.o)
                __RINvXsd_NtNtNtCslJsSqIQKwiA_5alloc11collections5btree3setINtB6_8BTreeSetReEINtNtNtNtCsgtPOCBgevO_4core4iter6traits7collect12FromIteratorB18_E9from_iterINtNtB1i_8adapters12GenericShuntINtNtB2s_3map3MapINtNtB2s_6filter6FilterINtNtNtB1k_5slice4iter4IterNtNtCs5fzGtNe2pyG_10serde_json5value5ValueENCNvNtNtNtNtNtCsiRk0bvHVOSr_6mpk_vc26csharp_practical_vir_model17ordinary_carriers10structural14source_clauses13control_edges29emit_program_with_foundationss0_0ENCB4J_s1_0EINtNtB1k_6result6ResultNtNtB1k_7convert10InfallibleNtB4R_20OrdinaryCarrierErrorEEEB4V_ in libmpk_vc-43a77541129f1733.rlib[248](mpk_vc-43a77541129f1733.ej9z5spna1ktdxdva2tum0u07.19qvrf1.rcgu.o)
                __RINvXsd_NtNtNtCslJsSqIQKwiA_5alloc11collections5btree3setINtB6_8BTreeSetReEINtNtNtNtCsgtPOCBgevO_4core4iter6traits7collect12FromIteratorB18_E9from_iterINtNtB1i_8adapters12GenericShuntINtNtB2s_3map3MapINtNtB2s_6filter6FilterINtNtNtB1k_5slice4iter4IterNtNtCs5fzGtNe2pyG_10serde_json5value5ValueENCNvNtNtNtNtNtCsiRk0bvHVOSr_6mpk_vc26csharp_practical_vir_model17ordinary_carriers10structural14source_clauses13control_edges29emit_program_with_foundationss4_0ENCB4J_s5_0EINtNtB1k_6result6ResultNtNtB1k_7convert10InfallibleNtB4R_20OrdinaryCarrierErrorEEEB4V_ in libmpk_vc-43a77541129f1733.rlib[248](mpk_vc-43a77541129f1733.ej9z5spna1ktdxdva2tum0u07.19qvrf1.rcgu.o)
                __RINvXsd_NtNtNtCslJsSqIQKwiA_5alloc11collections5btree3setINtB6_8BTreeSetReEINtNtNtNtCsgtPOCBgevO_4core4iter6traits7collect12FromIteratorB18_E9from_iterINtNtB1i_8adapters12GenericShuntINtNtB2s_3map3MapINtNtB2s_6filter6FilterINtNtNtB1k_5slice4iter4IterNtNtCs5fzGtNe2pyG_10serde_json5value5ValueENCNvNtNtNtNtNtCsiRk0bvHVOSr_6mpk_vc26csharp_practical_vir_model17ordinary_carriers10structural14source_clauses13control_edges29emit_program_with_foundationss8_0ENCB4J_s9_0EINtNtB1k_6result6ResultNtNtB1k_7convert10InfallibleNtB4R_20OrdinaryCarrierErrorEEEB4V_ in libmpk_vc-43a77541129f1733.rlib[248](mpk_vc-43a77541129f1733.ej9z5spna1ktdxdva2tum0u07.19qvrf1.rcgu.o)
                __RINvXsd_NtNtNtCslJsSqIQKwiA_5alloc11collections5btree3setINtB6_8BTreeSetReEINtNtNtNtCsgtPOCBgevO_4core4iter6traits7collect12FromIteratorB18_E9from_iterINtNtB1i_8adapters12GenericShuntINtNtB2s_3map3MapINtNtB2s_6filter6FilterINtNtNtB1k_5slice4iter4IterNtNtCs5fzGtNe2pyG_10serde_json5value5ValueENCNvNtNtNtNtNtCsiRk0bvHVOSr_6mpk_vc26csharp_practical_vir_model17ordinary_carriers10structural14source_clauses13control_slots48generate_csharp_practical_ordinary_control_slotss0_0ENCB4J_s1_0EINtNtB1k_6result6ResultNtNtB1k_7convert10InfallibleNtB4R_20OrdinaryCarrierErrorEEEB4V_ in libmpk_vc-43a77541129f1733.rlib[248](mpk_vc-43a77541129f1733.ej9z5spna1ktdxdva2tum0u07.19qvrf1.rcgu.o)
                __RINvXsd_NtNtNtCslJsSqIQKwiA_5alloc11collections5btree3setINtB6_8BTreeSetReEINtNtNtNtCsgtPOCBgevO_4core4iter6traits7collect12FromIteratorB18_E9from_iterINtNtB1i_8adapters12GenericShuntINtNtB2s_3map3MapINtNtB2s_6filter6FilterINtNtNtB1k_5slice4iter4IterNtNtCsiRk0bvHVOSr_6mpk_vc26csharp_practical_vir_model19ExceptionUnwindPlanENCNvNtB44_31csharp_practical_vir_validation18validate_functionss7_0ENCB5f_s8_0EINtNtB1k_6result6ResultNtNtB1k_7convert10InfallibleNtB5h_23PracticalVirImportErrorEEEB44_ in libmpk_vc-43a77541129f1733.rlib[248](mpk_vc-43a77541129f1733.ej9z5spna1ktdxdva2tum0u07.19qvrf1.rcgu.o)
                __RINvXsd_NtNtNtCslJsSqIQKwiA_5alloc11collections5btree3setINtB6_8BTreeSetReEINtNtNtNtCsgtPOCBgevO_4core4iter6traits7collect12FromIteratorB18_E9from_iterINtNtB1i_8adapters12GenericShuntINtNtB2s_3map3MapINtNtNtB1k_5slice4iter4IterNtNtCs5fzGtNe2pyG_10serde_json5value5ValueENCNCNvNtCsiRk0bvHVOSr_6mpk_vc31csharp_practical_vir_validation26parse_binding_expectationss2_0s1_0EINtNtB1k_6result6ResultNtNtB1k_7convert10InfallibleNtB4q_23PracticalVirImportErrorEEEB4s_ in libmpk_vc-43a77541129f1733.rlib[248](mpk_vc-43a77541129f1733.ej9z5spna1ktdxdva2tum0u07.19qvrf1.rcgu.o)
                ...
            "__RINvNtNtNtNtCsgtPOCBgevO_4core5slice4sort6shared9smallsort11insert_tailTINtNtBa_6option6OptionNtNtCslJsSqIQKwiA_5alloc6string6StringENtNtCsiRk0bvHVOSr_6mpk_vc25csharp_practical_vc_model15LaterProofOwnerENvYB17_NtNtBa_3cmp10PartialOrd2ltEB2b_.llvm.7882073632906793698", referenced from:
                __RINvXsd_NtNtNtCslJsSqIQKwiA_5alloc11collections5btree3setINtB6_8BTreeSetTINtNtCsgtPOCBgevO_4core6option6OptionNtNtBc_6string6StringENtNtCsiRk0bvHVOSr_6mpk_vc25csharp_practical_vc_model15LaterProofOwnerEEINtNtNtNtB1e_4iter6traits7collect12FromIteratorB18_E9from_iterINtNtNtB3m_8adapters6cloned6ClonedINtNtB8_3map4KeysB18_IBU_B1K_EEEEB2a_ in libmpk_vc-43a77541129f1733.rlib[248](mpk_vc-43a77541129f1733.ej9z5spna1ktdxdva2tum0u07.19qvrf1.rcgu.o)
            "__RINvNtNtNtNtCsgtPOCBgevO_4core5slice4sort6shared9smallsort11insert_tailTNtNtCsiRk0bvHVOSr_6mpk_vc33csharp_practical_source_artifacts17OriginalInputKindReENvYB17_NtNtBa_3cmp10PartialOrd2ltEB1c_.llvm.7882073632906793698", referenced from:
                __RINvXsd_NtNtNtCslJsSqIQKwiA_5alloc11collections5btree3setINtB6_8BTreeSetTNtNtCsiRk0bvHVOSr_6mpk_vc33csharp_practical_source_artifacts17OriginalInputKindReEEINtNtNtNtCsgtPOCBgevO_4core4iter6traits7collect12FromIteratorB18_E9from_iterINtNtNtB2B_8adapters3map3MapINtNtNtB2D_5slice4iter4IterNtB1b_13OriginalInputENCNvB1b_23capture_original_inputss1_0EEB1d_ in libmpk_vc-43a77541129f1733.rlib[248](mpk_vc-43a77541129f1733.ej9z5spna1ktdxdva2tum0u07.19qvrf1.rcgu.o)
                __RINvXsd_NtNtNtCslJsSqIQKwiA_5alloc11collections5btree3setINtB6_8BTreeSetTNtNtCsiRk0bvHVOSr_6mpk_vc33csharp_practical_source_artifacts17OriginalInputKindReEEINtNtNtNtCsgtPOCBgevO_4core4iter6traits7collect12FromIteratorB18_E9from_iterINtNtNtB2B_8adapters3map3MapINtNtNtB2D_5slice4iter4IterNtB1b_21CapturedOriginalInputENCNvMse_B1b_NtB1b_16CapturedInputSet15matches_contexts0_0EEB1d_ in libmpk_vc-43a77541129f1733.rlib[248](mpk_vc-43a77541129f1733.ej9z5spna1ktdxdva2tum0u07.19qvrf1.rcgu.o)
                __RINvXsd_NtNtNtCslJsSqIQKwiA_5alloc11collections5btree3setINtB6_8BTreeSetTNtNtCsiRk0bvHVOSr_6mpk_vc33csharp_practical_source_artifacts17OriginalInputKindReEEINtNtNtNtCsgtPOCBgevO_4core4iter6traits7collect12FromIteratorB18_E9from_iterINtNtNtB2B_8adapters5chain5ChainINtNtB3N_3map3MapINtNtNtB2D_5slice4iter4IterNtNtBc_6string6StringENCNvB1b_23capture_original_inputss_0EIB4f_B4v_NCB5k_s0_0EEEB1d_ in libmpk_vc-43a77541129f1733.rlib[248](mpk_vc-43a77541129f1733.ej9z5spna1ktdxdva2tum0u07.19qvrf1.rcgu.o)
                __RINvXsd_NtNtNtCslJsSqIQKwiA_5alloc11collections5btree3setINtB6_8BTreeSetTNtNtCsiRk0bvHVOSr_6mpk_vc33csharp_practical_source_artifacts17OriginalInputKindReEEINtNtNtNtCsgtPOCBgevO_4core4iter6traits7collect12FromIteratorB18_E9from_iterINtNtNtB2B_8adapters5chain5ChainINtNtB3N_3map3MapINtNtNtB2D_5slice4iter4IterNtNtBc_6string6StringENCNvMse_B1b_NtB1b_16CapturedInputSet15matches_context0EIB4f_B4v_NCB5k_s_0EEEB1d_ in libmpk_vc-43a77541129f1733.rlib[248](mpk_vc-43a77541129f1733.ej9z5spna1ktdxdva2tum0u07.19qvrf1.rcgu.o)
            "__RINvNtNtNtNtCsgtPOCBgevO_4core5slice4sort6shared9smallsort11insert_tailTNtNtCslJsSqIQKwiA_5alloc6string6StringB18_B18_ENvYB17_NtNtBa_3cmp10PartialOrd2ltECsiRk0bvHVOSr_6mpk_vc.llvm.7882073632906793698", referenced from:
                __RINvXsd_NtNtNtCslJsSqIQKwiA_5alloc11collections5btree3setINtB6_8BTreeSetTNtNtBc_6string6StringB19_B19_EEINtNtNtNtCsgtPOCBgevO_4core4iter6traits7collect12FromIteratorB18_E9from_iterINtNtNtB1L_8adapters7flatten7FlatMapINtNtNtB1N_5slice4iter4IterNtNtCsiRk0bvHVOSr_6mpk_vc31csharp_practical_vir_validation18BindingExpectationEINtNtB2X_3map3MapIB3t_TB19_B19_EENCNCNvB3V_17validate_bindingss2_00ENCB5L_s2_0EEB3X_ in libmpk_vc-43a77541129f1733.rlib[248](mpk_vc-43a77541129f1733.ej9z5spna1ktdxdva2tum0u07.19qvrf1.rcgu.o)
            "__RINvNtNtNtNtCsgtPOCBgevO_4core5slice4sort6shared9smallsort11insert_tailTNtNtCslJsSqIQKwiA_5alloc6string6StringB18_ENvYB17_NtNtBa_3cmp10PartialOrd2ltECsiRk0bvHVOSr_6mpk_vc.llvm.7882073632906793698", referenced from:
                __RNvNtNtCsiRk0bvHVOSr_6mpk_vc26csharp_practical_vir_model10control_vc20generate_control_vcs in libmpk_vc-43a77541129f1733.rlib[49](mpk_vc-43a77541129f1733.2r8cfoonrzcehkr8j88uzd9mh.19qvrf1.rcgu.o)
                __RINvXsd_NtNtNtCslJsSqIQKwiA_5alloc11collections5btree3setINtB6_8BTreeSetTNtNtBc_6string6StringB19_EEINtNtNtNtCsgtPOCBgevO_4core4iter6traits7collect12FromIteratorB18_E9from_iterINtNtNtB1H_8adapters3map3MapINtNtNtB1J_5slice4iter4IterRNtNtCsiRk0bvHVOSr_6mpk_vc31csharp_practical_vir_validation24SymbolicConstructionEdgeENCNvNtNtNtNtB3M_26csharp_practical_vir_model17ordinary_carriers10structural14ownership_flow4emitsa_0EEB3M_ in libmpk_vc-43a77541129f1733.rlib[248](mpk_vc-43a77541129f1733.ej9z5spna1ktdxdva2tum0u07.19qvrf1.rcgu.o)
                __RINvXsd_NtNtNtCslJsSqIQKwiA_5alloc11collections5btree3setINtB6_8BTreeSetTNtNtBc_6string6StringB19_EEINtNtNtNtCsgtPOCBgevO_4core4iter6traits7collect12FromIteratorB18_E9from_iterINtNtNtB1H_8adapters7flatten7FlatMapINtNtNtB1J_5slice4iter4IterNtNtCsiRk0bvHVOSr_6mpk_vc26csharp_practical_vir_model10LoopRegionEINtNtB2T_3map3MapIB3p_B19_ENCNCINvNtB3T_31csharp_practical_vir_validation43reconstruct_symbolic_construction_ownershipKb0_Es6_00ENCB5o_s6_0EEB3T_ in libmpk_vc-43a77541129f1733.rlib[248](mpk_vc-43a77541129f1733.ej9z5spna1ktdxdva2tum0u07.19qvrf1.rcgu.o)
                __RINvXsd_NtNtNtCslJsSqIQKwiA_5alloc11collections5btree3setINtB6_8BTreeSetTNtNtBc_6string6StringB19_EEINtNtNtNtCsgtPOCBgevO_4core4iter6traits7collect12FromIteratorB18_E9from_iterINtNtNtB1H_8adapters7flatten7FlatMapINtNtNtB1J_5slice4iter4IterNtNtCsiRk0bvHVOSr_6mpk_vc26csharp_practical_vir_model10LoopRegionEINtNtB2T_3map3MapIB3p_B19_ENCNCINvNtB3T_31csharp_practical_vir_validation43reconstruct_symbolic_construction_ownershipKb1_Es6_00ENCB5o_s6_0EEB3T_ in libmpk_vc-43a77541129f1733.rlib[248](mpk_vc-43a77541129f1733.ej9z5spna1ktdxdva2tum0u07.19qvrf1.rcgu.o)
                __RINvXsd_NtNtNtCslJsSqIQKwiA_5alloc11collections5btree3setINtB6_8BTreeSetTNtNtBc_6string6StringB19_EEINtNtNtNtCsgtPOCBgevO_4core4iter6traits7collect12FromIteratorB18_E9from_iterINtNtNtB1H_8adapters7flatten7FlatMapINtNtNtB1J_5slice4iter4IterNtNtCsiRk0bvHVOSr_6mpk_vc31csharp_practical_vir_validation17PracticalVirBlockEINtNtB2T_3map3MapINtNtB2T_5chain5ChainIB3p_B19_EIB56_IB3p_NtNtB3T_26csharp_practical_vir_model20ExceptionalSuccessorENCNCNvNtNtNtB63_17ordinary_carriers10structural14ownership_flow4emits9_00EENCB70_s_0ENCB72_s9_0EEB3T_ in libmpk_vc-43a77541129f1733.rlib[248](mpk_vc-43a77541129f1733.ej9z5spna1ktdxdva2tum0u07.19qvrf1.rcgu.o)
            "__RINvNtNtNtNtCsgtPOCBgevO_4core5slice4sort6shared9smallsort11insert_tailTNtNtCslJsSqIQKwiA_5alloc6string6StringNtNtCsiRk0bvHVOSr_6mpk_vc33csharp_practical_source_artifacts18PracticalJsonValueENCINvMNtB1c_5sliceSB17_7sort_byNCNvB1M_23with_sorted_object_keyss_0E0EB1O_.llvm.7882073632906793698", referenced from:
                __RNvNtCsiRk0bvHVOSr_6mpk_vc33csharp_practical_source_artifacts23with_sorted_object_keys in libmpk_vc-43a77541129f1733.rlib[13](mpk_vc-43a77541129f1733.0wdv1wicbfgep4bzfb64a8vg9.19qvrf1.rcgu.o)
            "__RINvNtNtNtNtCsgtPOCBgevO_4core5slice4sort6shared9smallsort11insert_tailTReB18_ENvYB17_NtNtBa_3cmp10PartialOrd2ltECsiRk0bvHVOSr_6mpk_vc.llvm.7882073632906793698", referenced from:
                __RINvXsd_NtNtNtCslJsSqIQKwiA_5alloc11collections5btree3setINtB6_8BTreeSetTReB19_EEINtNtNtNtCsgtPOCBgevO_4core4iter6traits7collect12FromIteratorB18_E9from_iterINtNtNtB1o_8adapters7flatten7FlatMapINtNtB8_3map6ValuesB19_RNtNtCsiRk0bvHVOSr_6mpk_vc26csharp_practical_vir_model11ControlNodeEINtNtB2A_3map3MapINtNtNtB1q_5slice4iter4IterNtB3v_20ExceptionalSuccessorENCNCNvB3v_21validate_unwind_planssk_00ENCB5N_sk_0EEB3x_ in libmpk_vc-43a77541129f1733.rlib[248](mpk_vc-43a77541129f1733.ej9z5spna1ktdxdva2tum0u07.19qvrf1.rcgu.o)
                __RINvXsd_NtNtNtCslJsSqIQKwiA_5alloc11collections5btree3setINtB6_8BTreeSetTReB19_EEINtNtNtNtCsgtPOCBgevO_4core4iter6traits7collect12FromIteratorB18_E9from_iterINtNtNtB1o_8adapters7flatten7FlatMapINtNtNtB1q_5slice4iter4IterNtNtCsiRk0bvHVOSr_6mpk_vc26csharp_practical_vir_model10LoopRegionEINtNtB2A_3map3MapIB36_NtNtBc_6string6StringENCNCNvNtNtB3A_31csharp_practical_vir_validation16object_ownership37validate_object_construction_protocolsg_00ENCB5m_sg_0EEB3A_ in libmpk_vc-43a77541129f1733.rlib[248](mpk_vc-43a77541129f1733.ej9z5spna1ktdxdva2tum0u07.19qvrf1.rcgu.o)
                __RINvXsd_NtNtNtCslJsSqIQKwiA_5alloc11collections5btree3setINtB6_8BTreeSetTReB19_EEINtNtNtNtCsgtPOCBgevO_4core4iter6traits7collect12FromIteratorB18_E9from_iterINtNtNtB1o_8adapters7flatten7FlatMapINtNtNtB1q_5slice4iter4IterNtNtCsiRk0bvHVOSr_6mpk_vc31csharp_practical_vir_validation18BindingExpectationEINtNtB2A_3map3MapINtNtB8_3map4KeysNtNtBc_6string6StringINtB57_8BTreeMapB5l_B5l_EENCNCNvB3y_17validate_bindingss6_00ENCB6a_s6_0EEB3A_ in libmpk_vc-43a77541129f1733.rlib[248](mpk_vc-43a77541129f1733.ej9z5spna1ktdxdva2tum0u07.19qvrf1.rcgu.o)
            "__RINvNtNtNtNtCsgtPOCBgevO_4core5slice4sort6shared9smallsort11insert_tailTjjENvYB17_NtNtBa_3cmp10PartialOrd2ltECsiRk0bvHVOSr_6mpk_vc.llvm.7882073632906793698", referenced from:
                __RNvNtNtCsiRk0bvHVOSr_6mpk_vc26csharp_practical_vir_model10control_vc15pattern_program in libmpk_vc-43a77541129f1733.rlib[49](mpk_vc-43a77541129f1733.2r8cfoonrzcehkr8j88uzd9mh.19qvrf1.rcgu.o)
            "__RINvNvXs0_NtNtNtCslJsSqIQKwiA_5alloc11collections5btree3mapINtB8_8BTreeMappppENtNtCsgtPOCBgevO_4core5clone5Clone5clone13clone_subtreeNtNtBe_6string6StringB27_NtNtBe_5alloc6GlobalECsiRk0bvHVOSr_6mpk_vc.llvm.17462002234127355773", referenced from:
                __RNvXsc_NtNtCsiRk0bvHVOSr_6mpk_vc26csharp_practical_vir_model10data_phaseNtB5_23DataContractEnvironmentNtNtCsgtPOCBgevO_4core5clone5Clone5clone in libmpk_vc-43a77541129f1733.rlib[5](mpk_vc-43a77541129f1733.05fe1yr4wzg0hwt11fm636ro0.19qvrf1.rcgu.o)
                __RNvMNvNtNtCsiRk0bvHVOSr_6mpk_vc26csharp_practical_vir_model10data_phase32check_normalized_data_expressionNtB2_5Check17exception_subject in libmpk_vc-43a77541129f1733.rlib[14](mpk_vc-43a77541129f1733.0xzk2ujjdyxhv4hbrqiv07pnk.19qvrf1.rcgu.o)
                __RNvNtNtCsiRk0bvHVOSr_6mpk_vc26csharp_practical_vir_model10data_phase28validate_data_contract_value in libmpk_vc-43a77541129f1733.rlib[14](mpk_vc-43a77541129f1733.0xzk2ujjdyxhv4hbrqiv07pnk.19qvrf1.rcgu.o)
                __RNvXsc_NtNtCsiRk0bvHVOSr_6mpk_vc26csharp_practical_vir_model10data_phaseNtB5_23DataContractEnvironmentNtNtCsgtPOCBgevO_4core5clone5Clone5clone in libmpk_vc-43a77541129f1733.rlib[14](mpk_vc-43a77541129f1733.0xzk2ujjdyxhv4hbrqiv07pnk.19qvrf1.rcgu.o)
                __RNvMs1_NtCsgtPOCBgevO_4core6optionINtB5_6OptionRINtNtNtNtCslJsSqIQKwiA_5alloc11collections5btree3map8BTreeMapNtNtBT_6string6StringB1J_EE6clonedCsiRk0bvHVOSr_6mpk_vc in libmpk_vc-43a77541129f1733.rlib[16](mpk_vc-43a77541129f1733.117g7xqfbakn3yik8qt4r14jq.19qvrf1.rcgu.o)
                __RINvNtCsiRk0bvHVOSr_6mpk_vc31csharp_practical_vir_validation43reconstruct_symbolic_construction_ownershipKb0_EB4_ in libmpk_vc-43a77541129f1733.rlib[17](mpk_vc-43a77541129f1733.11jitdouimdlzr8rk4jv6j4t9.19qvrf1.rcgu.o)
                __RINvNtCsiRk0bvHVOSr_6mpk_vc31csharp_practical_vir_validation43reconstruct_symbolic_construction_ownershipKb0_EB4_ in libmpk_vc-43a77541129f1733.rlib[17](mpk_vc-43a77541129f1733.11jitdouimdlzr8rk4jv6j4t9.19qvrf1.rcgu.o)
                __RINvNtCsiRk0bvHVOSr_6mpk_vc31csharp_practical_vir_validation43reconstruct_symbolic_construction_ownershipKb0_EB4_ in libmpk_vc-43a77541129f1733.rlib[17](mpk_vc-43a77541129f1733.11jitdouimdlzr8rk4jv6j4t9.19qvrf1.rcgu.o)
                __RINvNtCsiRk0bvHVOSr_6mpk_vc31csharp_practical_vir_validation43reconstruct_symbolic_construction_ownershipKb0_EB4_ in libmpk_vc-43a77541129f1733.rlib[17](mpk_vc-43a77541129f1733.11jitdouimdlzr8rk4jv6j4t9.19qvrf1.rcgu.o)
                ...
            "__RINvNvXs0_NtNtNtCslJsSqIQKwiA_5alloc11collections5btree3mapINtB8_8BTreeMappppENtNtCsgtPOCBgevO_4core5clone5Clone5clone13clone_subtreeNtNtBe_6string6StringIBW_B27_B27_ENtNtBe_5alloc6GlobalECsiRk0bvHVOSr_6mpk_vc.llvm.17462002234127355773", referenced from:
                __RNvMNtNtCsiRk0bvHVOSr_6mpk_vc26csharp_practical_vir_model10data_phaseNtB2_18DataBindingClosure6derive in libmpk_vc-43a77541129f1733.rlib[14](mpk_vc-43a77541129f1733.0xzk2ujjdyxhv4hbrqiv07pnk.19qvrf1.rcgu.o)
            "__RINvNvXs0_NtNtNtCslJsSqIQKwiA_5alloc11collections5btree3mapINtB8_8BTreeMappppENtNtCsgtPOCBgevO_4core5clone5Clone5clone13clone_subtreeNtNtBe_6string6StringNtNtBa_7set_val9SetValZSTNtNtBe_5alloc6GlobalECsiRk0bvHVOSr_6mpk_vc.llvm.17462002234127355773", referenced from:
                __RNvXsc_NtNtCsiRk0bvHVOSr_6mpk_vc26csharp_practical_vir_model10data_phaseNtB5_23DataContractEnvironmentNtNtCsgtPOCBgevO_4core5clone5Clone5clone in libmpk_vc-43a77541129f1733.rlib[5](mpk_vc-43a77541129f1733.05fe1yr4wzg0hwt11fm636ro0.19qvrf1.rcgu.o)
                __RNvXsc_NtNtCsiRk0bvHVOSr_6mpk_vc26csharp_practical_vir_model10data_phaseNtB5_23DataContractEnvironmentNtNtCsgtPOCBgevO_4core5clone5Clone5clone in libmpk_vc-43a77541129f1733.rlib[14](mpk_vc-43a77541129f1733.0xzk2ujjdyxhv4hbrqiv07pnk.19qvrf1.rcgu.o)
                __RNvMs1_NtCsgtPOCBgevO_4core6optionINtB5_6OptionRINtNtNtNtCslJsSqIQKwiA_5alloc11collections5btree3set8BTreeSetNtNtBT_6string6StringEE6clonedCsiRk0bvHVOSr_6mpk_vc in libmpk_vc-43a77541129f1733.rlib[16](mpk_vc-43a77541129f1733.117g7xqfbakn3yik8qt4r14jq.19qvrf1.rcgu.o)
                __RNvXsc_NtNtCsiRk0bvHVOSr_6mpk_vc26csharp_practical_vir_model10data_phaseNtB5_23DataContractEnvironmentNtNtCsgtPOCBgevO_4core5clone5Clone5clone in libmpk_vc-43a77541129f1733.rlib[18](mpk_vc-43a77541129f1733.12fs0guuyjm5u439547ypjui2.19qvrf1.rcgu.o)
                __RNvXs3_NtNtNtCslJsSqIQKwiA_5alloc11collections5btree3setINtB5_8BTreeSetNtNtBb_6string6StringENtNtCsgtPOCBgevO_4core5clone5Clone5cloneCsiRk0bvHVOSr_6mpk_vc in libmpk_vc-43a77541129f1733.rlib[248](mpk_vc-43a77541129f1733.ej9z5spna1ktdxdva2tum0u07.19qvrf1.rcgu.o)
            "__RINvNvXs0_NtNtNtCslJsSqIQKwiA_5alloc11collections5btree3mapINtB8_8BTreeMappppENtNtCsgtPOCBgevO_4core5clone5Clone5clone13clone_subtreeNtNtBe_6string6StringNtNtCs5fzGtNe2pyG_10serde_json5value5ValueNtNtBe_5alloc6GlobalECsiRk0bvHVOSr_6mpk_vc.llvm.17462002234127355773", referenced from:
                __RNvXsd_NtNtCsiRk0bvHVOSr_6mpk_vc26csharp_practical_vir_model7data_vcNtB5_22DataSemanticDefinitionNtNtCsgtPOCBgevO_4core5clone5Clone5clone in libmpk_vc-43a77541129f1733.rlib[9](mpk_vc-43a77541129f1733.0o3pbw8kvbc328go145icp3fu.19qvrf1.rcgu.o)
                __RNvXsd_NtNtCsiRk0bvHVOSr_6mpk_vc26csharp_practical_vir_model7data_vcNtB5_22DataSemanticDefinitionNtNtCsgtPOCBgevO_4core5clone5Clone5clone in libmpk_vc-43a77541129f1733.rlib[9](mpk_vc-43a77541129f1733.0o3pbw8kvbc328go145icp3fu.19qvrf1.rcgu.o)
                __RNvXs1l_NtCsiRk0bvHVOSr_6mpk_vc25csharp_practical_registryNtB6_24SuccessorSemanticContextNtNtCsgtPOCBgevO_4core5clone5Clone5clone in libmpk_vc-43a77541129f1733.rlib[13](mpk_vc-43a77541129f1733.0wdv1wicbfgep4bzfb64a8vg9.19qvrf1.rcgu.o)
                __RNvXs3_NtCs5fzGtNe2pyG_10serde_json5valueNtB5_5ValueNtNtCsgtPOCBgevO_4core5clone5Clone5clone in libmpk_vc-43a77541129f1733.rlib[14](mpk_vc-43a77541129f1733.0xzk2ujjdyxhv4hbrqiv07pnk.19qvrf1.rcgu.o)
                __RNvXsd_NtNtCsiRk0bvHVOSr_6mpk_vc26csharp_practical_vir_model7data_vcNtB5_22DataSemanticDefinitionNtNtCsgtPOCBgevO_4core5clone5Clone5clone in libmpk_vc-43a77541129f1733.rlib[15](mpk_vc-43a77541129f1733.115vy638sbp3zxppiyukhc04e.19qvrf1.rcgu.o)
                __RNvXsd_NtNtCsiRk0bvHVOSr_6mpk_vc26csharp_practical_vir_model7data_vcNtB5_22DataSemanticDefinitionNtNtCsgtPOCBgevO_4core5clone5Clone5clone in libmpk_vc-43a77541129f1733.rlib[15](mpk_vc-43a77541129f1733.115vy638sbp3zxppiyukhc04e.19qvrf1.rcgu.o)
                __RNvMs1_NtCsgtPOCBgevO_4core6optionINtB5_6OptionRINtNtCs5fzGtNe2pyG_10serde_json3map3MapNtNtCslJsSqIQKwiA_5alloc6string6StringNtNtBP_5value5ValueEE6clonedCsiRk0bvHVOSr_6mpk_vc in libmpk_vc-43a77541129f1733.rlib[16](mpk_vc-43a77541129f1733.117g7xqfbakn3yik8qt4r14jq.19qvrf1.rcgu.o)
                ...
            "__RINvNvXs0_NtNtNtCslJsSqIQKwiA_5alloc11collections5btree3mapINtB8_8BTreeMappppENtNtCsgtPOCBgevO_4core5clone5Clone5clone13clone_subtreeNtNtBe_6string6StringNtNtCsiRk0bvHVOSr_6mpk_vc26csharp_practical_vir_model13TypedValueRefNtNtBe_5alloc6GlobalEB2w_.llvm.17462002234127355773", referenced from:
                __RNvMs0_NtNtCsiRk0bvHVOSr_6mpk_vc26csharp_practical_vir_model13data_emissionNtB5_7Emitter17branch_with_value in libmpk_vc-43a77541129f1733.rlib[137](mpk_vc-43a77541129f1733.8eqh2iwaqlz0zi53zse66t0rf.19qvrf1.rcgu.o)
                __RNvMs0_NtNtCsiRk0bvHVOSr_6mpk_vc26csharp_practical_vir_model13data_emissionNtB5_7Emitter17branch_with_value in libmpk_vc-43a77541129f1733.rlib[137](mpk_vc-43a77541129f1733.8eqh2iwaqlz0zi53zse66t0rf.19qvrf1.rcgu.o)
                __RNvMs0_NtNtCsiRk0bvHVOSr_6mpk_vc26csharp_practical_vir_model13data_emissionNtB5_7Emitter17branch_with_value in libmpk_vc-43a77541129f1733.rlib[137](mpk_vc-43a77541129f1733.8eqh2iwaqlz0zi53zse66t0rf.19qvrf1.rcgu.o)
                __RNvMs0_NtNtCsiRk0bvHVOSr_6mpk_vc26csharp_practical_vir_model13data_emissionNtB5_7Emitter17branch_with_value in libmpk_vc-43a77541129f1733.rlib[137](mpk_vc-43a77541129f1733.8eqh2iwaqlz0zi53zse66t0rf.19qvrf1.rcgu.o)
                __RNvMs0_NtNtCsiRk0bvHVOSr_6mpk_vc26csharp_practical_vir_model13data_emissionNtB5_7Emitter17branch_with_value in libmpk_vc-43a77541129f1733.rlib[137](mpk_vc-43a77541129f1733.8eqh2iwaqlz0zi53zse66t0rf.19qvrf1.rcgu.o)
                __RNvMs0_NtNtCsiRk0bvHVOSr_6mpk_vc26csharp_practical_vir_model13data_emissionNtB5_7Emitter17branch_with_value in libmpk_vc-43a77541129f1733.rlib[137](mpk_vc-43a77541129f1733.8eqh2iwaqlz0zi53zse66t0rf.19qvrf1.rcgu.o)
                __RNvMs0_NtNtCsiRk0bvHVOSr_6mpk_vc26csharp_practical_vir_model13data_emissionNtB5_7Emitter17branch_with_value in libmpk_vc-43a77541129f1733.rlib[137](mpk_vc-43a77541129f1733.8eqh2iwaqlz0zi53zse66t0rf.19qvrf1.rcgu.o)
                __RNvMs0_NtNtCsiRk0bvHVOSr_6mpk_vc26csharp_practical_vir_model13data_emissionNtB5_7Emitter17branch_with_value in libmpk_vc-43a77541129f1733.rlib[137](mpk_vc-43a77541129f1733.8eqh2iwaqlz0zi53zse66t0rf.19qvrf1.rcgu.o)
                __RNvMs0_NtNtCsiRk0bvHVOSr_6mpk_vc26csharp_practical_vir_model13data_emissionNtB5_7Emitter17branch_with_value in libmpk_vc-43a77541129f1733.rlib[137](mpk_vc-43a77541129f1733.8eqh2iwaqlz0zi53zse66t0rf.19qvrf1.rcgu.o)
                __RNvMs0_NtNtCsiRk0bvHVOSr_6mpk_vc26csharp_practical_vir_model13data_emissionNtB5_7Emitter17branch_with_value in libmpk_vc-43a77541129f1733.rlib[137](mpk_vc-43a77541129f1733.8eqh2iwaqlz0zi53zse66t0rf.19qvrf1.rcgu.o)
                __RNvMs0_NtNtCsiRk0bvHVOSr_6mpk_vc26csharp_practical_vir_model13data_emissionNtB5_7Emitter17branch_with_value in libmpk_vc-43a77541129f1733.rlib[137](mpk_vc-43a77541129f1733.8eqh2iwaqlz0zi53zse66t0rf.19qvrf1.rcgu.o)
                __RNvMs0_NtNtCsiRk0bvHVOSr_6mpk_vc26csharp_practical_vir_model13data_emissionNtB5_7Emitter17branch_with_value in libmpk_vc-43a77541129f1733.rlib[137](mpk_vc-43a77541129f1733.8eqh2iwaqlz0zi53zse66t0rf.19qvrf1.rcgu.o)
                __RNvMs0_NtNtCsiRk0bvHVOSr_6mpk_vc26csharp_practical_vir_model13data_emissionNtB5_7Emitter17branch_with_value in libmpk_vc-43a77541129f1733.rlib[137](mpk_vc-43a77541129f1733.8eqh2iwaqlz0zi53zse66t0rf.19qvrf1.rcgu.o)
                __RNvMs0_NtNtCsiRk0bvHVOSr_6mpk_vc26csharp_practical_vir_model13data_emissionNtB5_7Emitter17branch_with_value in libmpk_vc-43a77541129f1733.rlib[137](mpk_vc-43a77541129f1733.8eqh2iwaqlz0zi53zse66t0rf.19qvrf1.rcgu.o)
                __RNvMs0_NtNtCsiRk0bvHVOSr_6mpk_vc26csharp_practical_vir_model13data_emissionNtB5_7Emitter17branch_with_value in libmpk_vc-43a77541129f1733.rlib[137](mpk_vc-43a77541129f1733.8eqh2iwaqlz0zi53zse66t0rf.19qvrf1.rcgu.o)
                __RNvMs0_NtNtCsiRk0bvHVOSr_6mpk_vc26csharp_practical_vir_model13data_emissionNtB5_7Emitter17branch_with_value in libmpk_vc-43a77541129f1733.rlib[137](mpk_vc-43a77541129f1733.8eqh2iwaqlz0zi53zse66t0rf.19qvrf1.rcgu.o)
                __RNvMs0_NtNtCsiRk0bvHVOSr_6mpk_vc26csharp_practical_vir_model13data_emissionNtB5_7Emitter17branch_with_value in libmpk_vc-43a77541129f1733.rlib[137](mpk_vc-43a77541129f1733.8eqh2iwaqlz0zi53zse66t0rf.19qvrf1.rcgu.o)
                __RNvMs0_NtNtCsiRk0bvHVOSr_6mpk_vc26csharp_practical_vir_model13data_emissionNtB5_7Emitter17branch_with_value in libmpk_vc-43a77541129f1733.rlib[137](mpk_vc-43a77541129f1733.8eqh2iwaqlz0zi53zse66t0rf.19qvrf1.rcgu.o)
                ...
            "__RINvNvXs0_NtNtNtCslJsSqIQKwiA_5alloc11collections5btree3mapINtB8_8BTreeMappppENtNtCsgtPOCBgevO_4core5clone5Clone5clone13clone_subtreeNtNtBe_6string6StringNtNtCsiRk0bvHVOSr_6mpk_vc26csharp_practical_vir_model24ClosedOperationSignatureNtNtBe_5alloc6GlobalEB2w_.llvm.17462002234127355773", referenced from:
                __RNvXsc_NtNtCsiRk0bvHVOSr_6mpk_vc26csharp_practical_vir_model10data_phaseNtB5_23DataContractEnvironmentNtNtCsgtPOCBgevO_4core5clone5Clone5clone in libmpk_vc-43a77541129f1733.rlib[5](mpk_vc-43a77541129f1733.05fe1yr4wzg0hwt11fm636ro0.19qvrf1.rcgu.o)
                __RNvXsc_NtNtCsiRk0bvHVOSr_6mpk_vc26csharp_practical_vir_model10data_phaseNtB5_23DataContractEnvironmentNtNtCsgtPOCBgevO_4core5clone5Clone5clone in libmpk_vc-43a77541129f1733.rlib[5](mpk_vc-43a77541129f1733.05fe1yr4wzg0hwt11fm636ro0.19qvrf1.rcgu.o)
                __RNvNtNtCsiRk0bvHVOSr_6mpk_vc26csharp_practical_vir_model10data_phase25data_contract_environment in libmpk_vc-43a77541129f1733.rlib[14](mpk_vc-43a77541129f1733.0xzk2ujjdyxhv4hbrqiv07pnk.19qvrf1.rcgu.o)
                __RNvXsc_NtNtCsiRk0bvHVOSr_6mpk_vc26csharp_practical_vir_model10data_phaseNtB5_23DataContractEnvironmentNtNtCsgtPOCBgevO_4core5clone5Clone5clone in libmpk_vc-43a77541129f1733.rlib[14](mpk_vc-43a77541129f1733.0xzk2ujjdyxhv4hbrqiv07pnk.19qvrf1.rcgu.o)
                __RNvXsc_NtNtCsiRk0bvHVOSr_6mpk_vc26csharp_practical_vir_model10data_phaseNtB5_23DataContractEnvironmentNtNtCsgtPOCBgevO_4core5clone5Clone5clone in libmpk_vc-43a77541129f1733.rlib[14](mpk_vc-43a77541129f1733.0xzk2ujjdyxhv4hbrqiv07pnk.19qvrf1.rcgu.o)
                __RNvXsc_NtNtCsiRk0bvHVOSr_6mpk_vc26csharp_practical_vir_model10data_phaseNtB5_23DataContractEnvironmentNtNtCsgtPOCBgevO_4core5clone5Clone5clone in libmpk_vc-43a77541129f1733.rlib[18](mpk_vc-43a77541129f1733.12fs0guuyjm5u439547ypjui2.19qvrf1.rcgu.o)
                __RNvXsc_NtNtCsiRk0bvHVOSr_6mpk_vc26csharp_practical_vir_model10data_phaseNtB5_23DataContractEnvironmentNtNtCsgtPOCBgevO_4core5clone5Clone5clone in libmpk_vc-43a77541129f1733.rlib[18](mpk_vc-43a77541129f1733.12fs0guuyjm5u439547ypjui2.19qvrf1.rcgu.o)
                ...
            "__RINvNvXs0_NtNtNtCslJsSqIQKwiA_5alloc11collections5btree3mapINtB8_8BTreeMappppENtNtCsgtPOCBgevO_4core5clone5Clone5clone13clone_subtreeNtNtBe_6string6StringNtNtNtCsiRk0bvHVOSr_6mpk_vc31csharp_practical_vir_validation16object_ownership10LiveObjectNtNtBe_5alloc6GlobalEB2y_.llvm.17462002234127355773", referenced from:
                __RNvMs1_NtCsgtPOCBgevO_4core6optionINtB5_6OptionRINtNtNtNtCslJsSqIQKwiA_5alloc11collections5btree3map8BTreeMapNtNtBT_6string6StringNtNtNtCsiRk0bvHVOSr_6mpk_vc31csharp_practical_vir_validation16object_ownership10LiveObjectEE6clonedB2a_ in libmpk_vc-43a77541129f1733.rlib[16](mpk_vc-43a77541129f1733.117g7xqfbakn3yik8qt4r14jq.19qvrf1.rcgu.o)
            "__RINvNvXs0_NtNtNtCslJsSqIQKwiA_5alloc11collections5btree3mapINtB8_8BTreeMappppENtNtCsgtPOCBgevO_4core5clone5Clone5clone13clone_subtreeNtNtBe_6string6StringTB27_B27_ENtNtBe_5alloc6GlobalECsiRk0bvHVOSr_6mpk_vc.llvm.17462002234127355773", referenced from:
                __RNvXsc_NtNtCsiRk0bvHVOSr_6mpk_vc26csharp_practical_vir_model10data_phaseNtB5_23DataContractEnvironmentNtNtCsgtPOCBgevO_4core5clone5Clone5clone in libmpk_vc-43a77541129f1733.rlib[5](mpk_vc-43a77541129f1733.05fe1yr4wzg0hwt11fm636ro0.19qvrf1.rcgu.o)
                __RNvXsc_NtNtCsiRk0bvHVOSr_6mpk_vc26csharp_practical_vir_model10data_phaseNtB5_23DataContractEnvironmentNtNtCsgtPOCBgevO_4core5clone5Clone5clone in libmpk_vc-43a77541129f1733.rlib[5](mpk_vc-43a77541129f1733.05fe1yr4wzg0hwt11fm636ro0.19qvrf1.rcgu.o)
                __RNvXsc_NtNtCsiRk0bvHVOSr_6mpk_vc26csharp_practical_vir_model10data_phaseNtB5_23DataContractEnvironmentNtNtCsgtPOCBgevO_4core5clone5Clone5clone in libmpk_vc-43a77541129f1733.rlib[14](mpk_vc-43a77541129f1733.0xzk2ujjdyxhv4hbrqiv07pnk.19qvrf1.rcgu.o)
                __RNvXsc_NtNtCsiRk0bvHVOSr_6mpk_vc26csharp_practical_vir_model10data_phaseNtB5_23DataContractEnvironmentNtNtCsgtPOCBgevO_4core5clone5Clone5clone in libmpk_vc-43a77541129f1733.rlib[14](mpk_vc-43a77541129f1733.0xzk2ujjdyxhv4hbrqiv07pnk.19qvrf1.rcgu.o)
                __RNvXsc_NtNtCsiRk0bvHVOSr_6mpk_vc26csharp_practical_vir_model10data_phaseNtB5_23DataContractEnvironmentNtNtCsgtPOCBgevO_4core5clone5Clone5clone in libmpk_vc-43a77541129f1733.rlib[18](mpk_vc-43a77541129f1733.12fs0guuyjm5u439547ypjui2.19qvrf1.rcgu.o)
                __RNvXsc_NtNtCsiRk0bvHVOSr_6mpk_vc26csharp_practical_vir_model10data_phaseNtB5_23DataContractEnvironmentNtNtCsgtPOCBgevO_4core5clone5Clone5clone in libmpk_vc-43a77541129f1733.rlib[18](mpk_vc-43a77541129f1733.12fs0guuyjm5u439547ypjui2.19qvrf1.rcgu.o)
            "__RINvNvXs0_NtNtNtCslJsSqIQKwiA_5alloc11collections5btree3mapINtB8_8BTreeMappppENtNtCsgtPOCBgevO_4core5clone5Clone5clone13clone_subtreeReNtNtBa_7set_val9SetValZSTNtNtBe_5alloc6GlobalECsiRk0bvHVOSr_6mpk_vc.llvm.17462002234127355773", referenced from:
                __RNvNtCsiRk0bvHVOSr_6mpk_vc31csharp_practical_vir_validation18compute_dominators in libmpk_vc-43a77541129f1733.rlib[216](mpk_vc-43a77541129f1733.cj49h6th1o5cd22g9japwrnjl.19qvrf1.rcgu.o)
                __RNvNtCsiRk0bvHVOSr_6mpk_vc31csharp_practical_vir_validation18compute_dominators in libmpk_vc-43a77541129f1733.rlib[216](mpk_vc-43a77541129f1733.cj49h6th1o5cd22g9japwrnjl.19qvrf1.rcgu.o)
            "__RINvNvXs0_NtNtNtCslJsSqIQKwiA_5alloc11collections5btree3mapINtB8_8BTreeMappppENtNtCsgtPOCBgevO_4core5clone5Clone5clone13clone_subtreejNtNtBa_7set_val9SetValZSTNtNtBe_5alloc6GlobalECsiRk0bvHVOSr_6mpk_vc.llvm.17462002234127355773", referenced from:
                __RNvNtNtNtNtCsiRk0bvHVOSr_6mpk_vc26csharp_practical_vir_model13data_emission16control_emission6memory11memory_plan in libmpk_vc-43a77541129f1733.rlib[108](mpk_vc-43a77541129f1733.6n86ded9fkwi5vluio0fx67o3.19qvrf1.rcgu.o)
                __RNvXs3_NtNtNtCslJsSqIQKwiA_5alloc11collections5btree3setINtB5_8BTreeSetjENtNtCsgtPOCBgevO_4core5clone5Clone5cloneCsiRk0bvHVOSr_6mpk_vc in libmpk_vc-43a77541129f1733.rlib[248](mpk_vc-43a77541129f1733.ej9z5spna1ktdxdva2tum0u07.19qvrf1.rcgu.o)
            "__RINvNvXs0_NtNtNtCslJsSqIQKwiA_5alloc11collections5btree3mapINtB8_8BTreeMappppENtNtCsgtPOCBgevO_4core5clone5Clone5clone13clone_subtreemNtNtBa_7set_val9SetValZSTNtNtBe_5alloc6GlobalECsiRk0bvHVOSr_6mpk_vc.llvm.17462002234127355773", referenced from:
                __RNvMs1_NtCsgtPOCBgevO_4core6optionINtB5_6OptionRNtNtCsiRk0bvHVOSr_6mpk_vc26csharp_practical_vir_model25SequenceConstructionStateE6clonedBO_ in libmpk_vc-43a77541129f1733.rlib[16](mpk_vc-43a77541129f1733.117g7xqfbakn3yik8qt4r14jq.19qvrf1.rcgu.o)
                __RNvXs36_NtCsiRk0bvHVOSr_6mpk_vc26csharp_practical_vir_modelNtB6_25SequenceConstructionStateNtNtCsgtPOCBgevO_4core5clone5Clone5clone in libmpk_vc-43a77541129f1733.rlib[95](mpk_vc-43a77541129f1733.5v4px5cpkj12ryzon77uxnrjy.19qvrf1.rcgu.o)
            "__RINvXNvMNtCslJsSqIQKwiA_5alloc5sliceSp9to_vec_inNtNtCsiRk0bvHVOSr_6mpk_vc26csharp_practical_vir_model16MonomorphicValueNtB3_10ConvertVec6to_vecNtNtB8_5alloc6GlobalEBO_.llvm.12037266737062253525", referenced from:
                __RNvXs5A_NtCsiRk0bvHVOSr_6mpk_vc26csharp_practical_vir_modelNtB6_16MonomorphicValueNtNtCsgtPOCBgevO_4core5clone5Clone5clone in libmpk_vc-43a77541129f1733.rlib[10](mpk_vc-43a77541129f1733.0p2enporh6gezuf53bx1hxgig.19qvrf1.rcgu.o)
                __RNvXs5A_NtCsiRk0bvHVOSr_6mpk_vc26csharp_practical_vir_modelNtB6_16MonomorphicValueNtNtCsgtPOCBgevO_4core5clone5Clone5clone in libmpk_vc-43a77541129f1733.rlib[10](mpk_vc-43a77541129f1733.0p2enporh6gezuf53bx1hxgig.19qvrf1.rcgu.o)
                __RNvXs5A_NtCsiRk0bvHVOSr_6mpk_vc26csharp_practical_vir_modelNtB6_16MonomorphicValueNtNtCsgtPOCBgevO_4core5clone5Clone5clone in libmpk_vc-43a77541129f1733.rlib[10](mpk_vc-43a77541129f1733.0p2enporh6gezuf53bx1hxgig.19qvrf1.rcgu.o)
                __RNvXs5A_NtCsiRk0bvHVOSr_6mpk_vc26csharp_practical_vir_modelNtB6_16MonomorphicValueNtNtCsgtPOCBgevO_4core5clone5Clone5clone in libmpk_vc-43a77541129f1733.rlib[10](mpk_vc-43a77541129f1733.0p2enporh6gezuf53bx1hxgig.19qvrf1.rcgu.o)
                __RNvXs5A_NtCsiRk0bvHVOSr_6mpk_vc26csharp_practical_vir_modelNtB6_16MonomorphicValueNtNtCsgtPOCBgevO_4core5clone5Clone5clone in libmpk_vc-43a77541129f1733.rlib[10](mpk_vc-43a77541129f1733.0p2enporh6gezuf53bx1hxgig.19qvrf1.rcgu.o)
                __RNvXs5A_NtCsiRk0bvHVOSr_6mpk_vc26csharp_practical_vir_modelNtB6_16MonomorphicValueNtNtCsgtPOCBgevO_4core5clone5Clone5clone in libmpk_vc-43a77541129f1733.rlib[11](mpk_vc-43a77541129f1733.0sdw9wrgsbdh2qjrtyxaluf37.19qvrf1.rcgu.o)
                __RNvXs5A_NtCsiRk0bvHVOSr_6mpk_vc26csharp_practical_vir_modelNtB6_16MonomorphicValueNtNtCsgtPOCBgevO_4core5clone5Clone5clone in libmpk_vc-43a77541129f1733.rlib[11](mpk_vc-43a77541129f1733.0sdw9wrgsbdh2qjrtyxaluf37.19qvrf1.rcgu.o)
                __RNvXs5A_NtCsiRk0bvHVOSr_6mpk_vc26csharp_practical_vir_modelNtB6_16MonomorphicValueNtNtCsgtPOCBgevO_4core5clone5Clone5clone in libmpk_vc-43a77541129f1733.rlib[11](mpk_vc-43a77541129f1733.0sdw9wrgsbdh2qjrtyxaluf37.19qvrf1.rcgu.o)
                __RNvXs5A_NtCsiRk0bvHVOSr_6mpk_vc26csharp_practical_vir_modelNtB6_16MonomorphicValueNtNtCsgtPOCBgevO_4core5clone5Clone5clone in libmpk_vc-43a77541129f1733.rlib[11](mpk_vc-43a77541129f1733.0sdw9wrgsbdh2qjrtyxaluf37.19qvrf1.rcgu.o)
                __RNvXs5A_NtCsiRk0bvHVOSr_6mpk_vc26csharp_practical_vir_modelNtB6_16MonomorphicValueNtNtCsgtPOCBgevO_4core5clone5Clone5clone in libmpk_vc-43a77541129f1733.rlib[11](mpk_vc-43a77541129f1733.0sdw9wrgsbdh2qjrtyxaluf37.19qvrf1.rcgu.o)
                ...
            "__RINvXNvMNtCslJsSqIQKwiA_5alloc5sliceSp9to_vec_inNtNtCsiRk0bvHVOSr_6mpk_vc26csharp_practical_vir_model19MonomorphicMapEntryNtB3_10ConvertVec6to_vecNtNtB8_5alloc6GlobalEBO_.llvm.12037266737062253525", referenced from:
                __RNvXs5A_NtCsiRk0bvHVOSr_6mpk_vc26csharp_practical_vir_modelNtB6_16MonomorphicValueNtNtCsgtPOCBgevO_4core5clone5Clone5clone in libmpk_vc-43a77541129f1733.rlib[10](mpk_vc-43a77541129f1733.0p2enporh6gezuf53bx1hxgig.19qvrf1.rcgu.o)
                __RNvXs5A_NtCsiRk0bvHVOSr_6mpk_vc26csharp_practical_vir_modelNtB6_16MonomorphicValueNtNtCsgtPOCBgevO_4core5clone5Clone5clone in libmpk_vc-43a77541129f1733.rlib[11](mpk_vc-43a77541129f1733.0sdw9wrgsbdh2qjrtyxaluf37.19qvrf1.rcgu.o)
                __RNvXs5A_NtCsiRk0bvHVOSr_6mpk_vc26csharp_practical_vir_modelNtB6_16MonomorphicValueNtNtCsgtPOCBgevO_4core5clone5Clone5clone.llvm.2329284129771524785 in libmpk_vc-43a77541129f1733.rlib[25](mpk_vc-43a77541129f1733.1c55g98mp99ruhkvzv154e84x.19qvrf1.rcgu.o)
                __RNvXs5A_NtCsiRk0bvHVOSr_6mpk_vc26csharp_practical_vir_modelNtB6_16MonomorphicValueNtNtCsgtPOCBgevO_4core5clone5Clone5clone in libmpk_vc-43a77541129f1733.rlib[36](mpk_vc-43a77541129f1733.1xew6fnm285tltus4qdx9yw8w.19qvrf1.rcgu.o)
                __RNvXs5A_NtCsiRk0bvHVOSr_6mpk_vc26csharp_practical_vir_modelNtB6_16MonomorphicValueNtNtCsgtPOCBgevO_4core5clone5Clone5clone in libmpk_vc-43a77541129f1733.rlib[43](mpk_vc-43a77541129f1733.2f41gzcdgbb0sf74kwxe83lc3.19qvrf1.rcgu.o)
                __RNvXs5A_NtCsiRk0bvHVOSr_6mpk_vc26csharp_practical_vir_modelNtB6_16MonomorphicValueNtNtCsgtPOCBgevO_4core5clone5Clone5clone in libmpk_vc-43a77541129f1733.rlib[45](mpk_vc-43a77541129f1733.2ifn9pxyydcogrh8h8lj8ad32.19qvrf1.rcgu.o)
                __RNvXs5A_NtCsiRk0bvHVOSr_6mpk_vc26csharp_practical_vir_modelNtB6_16MonomorphicValueNtNtCsgtPOCBgevO_4core5clone5Clone5clone in libmpk_vc-43a77541129f1733.rlib[65](mpk_vc-43a77541129f1733.42sqa5lxyjvy7wta4e7e056ko.19qvrf1.rcgu.o)
                ...
            "__RINvXNvMNtCslJsSqIQKwiA_5alloc5sliceSp9to_vec_inNtNtCsiRk0bvHVOSr_6mpk_vc26csharp_practical_vir_model21NamedMonomorphicValueNtB3_10ConvertVec6to_vecNtNtB8_5alloc6GlobalEBO_.llvm.12037266737062253525", referenced from:
                __RNvXs5A_NtCsiRk0bvHVOSr_6mpk_vc26csharp_practical_vir_modelNtB6_16MonomorphicValueNtNtCsgtPOCBgevO_4core5clone5Clone5clone in libmpk_vc-43a77541129f1733.rlib[10](mpk_vc-43a77541129f1733.0p2enporh6gezuf53bx1hxgig.19qvrf1.rcgu.o)
                __RNvXs5A_NtCsiRk0bvHVOSr_6mpk_vc26csharp_practical_vir_modelNtB6_16MonomorphicValueNtNtCsgtPOCBgevO_4core5clone5Clone5clone in libmpk_vc-43a77541129f1733.rlib[11](mpk_vc-43a77541129f1733.0sdw9wrgsbdh2qjrtyxaluf37.19qvrf1.rcgu.o)
                __RNvXs5A_NtCsiRk0bvHVOSr_6mpk_vc26csharp_practical_vir_modelNtB6_16MonomorphicValueNtNtCsgtPOCBgevO_4core5clone5Clone5clone.llvm.2329284129771524785 in libmpk_vc-43a77541129f1733.rlib[25](mpk_vc-43a77541129f1733.1c55g98mp99ruhkvzv154e84x.19qvrf1.rcgu.o)
                __RNvXs5A_NtCsiRk0bvHVOSr_6mpk_vc26csharp_practical_vir_modelNtB6_16MonomorphicValueNtNtCsgtPOCBgevO_4core5clone5Clone5clone in libmpk_vc-43a77541129f1733.rlib[36](mpk_vc-43a77541129f1733.1xew6fnm285tltus4qdx9yw8w.19qvrf1.rcgu.o)
                __RNvXs5A_NtCsiRk0bvHVOSr_6mpk_vc26csharp_practical_vir_modelNtB6_16MonomorphicValueNtNtCsgtPOCBgevO_4core5clone5Clone5clone in libmpk_vc-43a77541129f1733.rlib[43](mpk_vc-43a77541129f1733.2f41gzcdgbb0sf74kwxe83lc3.19qvrf1.rcgu.o)
                __RNvXs5A_NtCsiRk0bvHVOSr_6mpk_vc26csharp_practical_vir_modelNtB6_16MonomorphicValueNtNtCsgtPOCBgevO_4core5clone5Clone5clone in libmpk_vc-43a77541129f1733.rlib[45](mpk_vc-43a77541129f1733.2ifn9pxyydcogrh8h8lj8ad32.19qvrf1.rcgu.o)
                __RNvXs5A_NtCsiRk0bvHVOSr_6mpk_vc26csharp_practical_vir_modelNtB6_16MonomorphicValueNtNtCsgtPOCBgevO_4core5clone5Clone5clone in libmpk_vc-43a77541129f1733.rlib[65](mpk_vc-43a77541129f1733.42sqa5lxyjvy7wta4e7e056ko.19qvrf1.rcgu.o)
                ...
            "__RINvXNvMNtCslJsSqIQKwiA_5alloc5sliceSp9to_vec_inNtNtCsiRk0bvHVOSr_6mpk_vc33csharp_practical_source_artifacts18PracticalJsonValueNtB3_10ConvertVec6to_vecNtNtB8_5alloc6GlobalEBO_.llvm.12037266737062253525", referenced from:
                __RNvMNtCslJsSqIQKwiA_5alloc5sliceSNtNtCsiRk0bvHVOSr_6mpk_vc33csharp_practical_source_artifacts18PracticalJsonValue6to_vecBz_ in libmpk_vc-43a77541129f1733.rlib[5](mpk_vc-43a77541129f1733.05fe1yr4wzg0hwt11fm636ro0.19qvrf1.rcgu.o)
                __RNvNtNtCsiRk0bvHVOSr_6mpk_vc26csharp_practical_vir_model14loop_contracts11expressions in libmpk_vc-43a77541129f1733.rlib[5](mpk_vc-43a77541129f1733.05fe1yr4wzg0hwt11fm636ro0.19qvrf1.rcgu.o)
                __RNvNtNtCsiRk0bvHVOSr_6mpk_vc26csharp_practical_vir_model14loop_contracts22prepare_loop_contracts in libmpk_vc-43a77541129f1733.rlib[5](mpk_vc-43a77541129f1733.05fe1yr4wzg0hwt11fm636ro0.19qvrf1.rcgu.o)
                __RNvNtNtCsiRk0bvHVOSr_6mpk_vc26csharp_practical_vir_model14loop_contracts22prepare_loop_contracts in libmpk_vc-43a77541129f1733.rlib[5](mpk_vc-43a77541129f1733.05fe1yr4wzg0hwt11fm636ro0.19qvrf1.rcgu.o)
                __RNvNtNtCsiRk0bvHVOSr_6mpk_vc26csharp_practical_vir_model14loop_contracts22prepare_loop_contracts in libmpk_vc-43a77541129f1733.rlib[5](mpk_vc-43a77541129f1733.05fe1yr4wzg0hwt11fm636ro0.19qvrf1.rcgu.o)
                __RNvNtNtCsiRk0bvHVOSr_6mpk_vc26csharp_practical_vir_model14loop_contracts22prepare_loop_contracts in libmpk_vc-43a77541129f1733.rlib[5](mpk_vc-43a77541129f1733.05fe1yr4wzg0hwt11fm636ro0.19qvrf1.rcgu.o)
                __RNvMs4_NtCsiRk0bvHVOSr_6mpk_vc33csharp_practical_source_artifactsNtB5_18PracticalJsonValue18without_last_field in libmpk_vc-43a77541129f1733.rlib[13](mpk_vc-43a77541129f1733.0wdv1wicbfgep4bzfb64a8vg9.19qvrf1.rcgu.o)
                ...
            "__RINvXNvMNtCslJsSqIQKwiA_5alloc5sliceSp9to_vec_inNtNtNtCsiRk0bvHVOSr_6mpk_vc26csharp_practical_vir_model17ordinary_carriers13OrdinaryFieldNtB3_10ConvertVec6to_vecNtNtB8_5alloc6GlobalEBQ_.llvm.12037266737062253525", referenced from:
                __RNvXs8_NtNtCsiRk0bvHVOSr_6mpk_vc26csharp_practical_vir_model17ordinary_carriersNtB5_13OrdinaryShapeNtNtCsgtPOCBgevO_4core5clone5Clone5clone in libmpk_vc-43a77541129f1733.rlib[7](mpk_vc-43a77541129f1733.0e5bcrfv5cyzo0u5klugz5a7y.19qvrf1.rcgu.o)
                __RNvXs8_NtNtCsiRk0bvHVOSr_6mpk_vc26csharp_practical_vir_model17ordinary_carriersNtB5_13OrdinaryShapeNtNtCsgtPOCBgevO_4core5clone5Clone5clone in libmpk_vc-43a77541129f1733.rlib[9](mpk_vc-43a77541129f1733.0o3pbw8kvbc328go145icp3fu.19qvrf1.rcgu.o)
                __RNvXs8_NtNtCsiRk0bvHVOSr_6mpk_vc26csharp_practical_vir_model17ordinary_carriersNtB5_13OrdinaryShapeNtNtCsgtPOCBgevO_4core5clone5Clone5clone.llvm.4315472668621124873 in libmpk_vc-43a77541129f1733.rlib[41](mpk_vc-43a77541129f1733.276p58kohhcwhu01ksstshq6h.19qvrf1.rcgu.o)
                __RNvXs8_NtNtCsiRk0bvHVOSr_6mpk_vc26csharp_practical_vir_model17ordinary_carriersNtB5_13OrdinaryShapeNtNtCsgtPOCBgevO_4core5clone5Clone5clone in libmpk_vc-43a77541129f1733.rlib[51](mpk_vc-43a77541129f1733.2v37lf1ii50x28vjwwv8usrdm.19qvrf1.rcgu.o)
                __RNvXs8_NtNtCsiRk0bvHVOSr_6mpk_vc26csharp_practical_vir_model17ordinary_carriersNtB5_13OrdinaryShapeNtNtCsgtPOCBgevO_4core5clone5Clone5clone in libmpk_vc-43a77541129f1733.rlib[52](mpk_vc-43a77541129f1733.2vfddq082poug4s6o09vly8wb.19qvrf1.rcgu.o)
                __RNvXs8_NtNtCsiRk0bvHVOSr_6mpk_vc26csharp_practical_vir_model17ordinary_carriersNtB5_13OrdinaryShapeNtNtCsgtPOCBgevO_4core5clone5Clone5clone in libmpk_vc-43a77541129f1733.rlib[63](mpk_vc-43a77541129f1733.3p5tepjg21jz173tu27jwlcaz.19qvrf1.rcgu.o)
                __RNvXs8_NtNtCsiRk0bvHVOSr_6mpk_vc26csharp_practical_vir_model17ordinary_carriersNtB5_13OrdinaryShapeNtNtCsgtPOCBgevO_4core5clone5Clone5clone in libmpk_vc-43a77541129f1733.rlib[69](mpk_vc-43a77541129f1733.4ivlx3vp0f5bkp8l2e3zl746c.19qvrf1.rcgu.o)
                ...
            "__RINvXNvMNtCslJsSqIQKwiA_5alloc5sliceSp9to_vec_inTNtNtB8_6string6StringNtNtCsiRk0bvHVOSr_6mpk_vc33csharp_practical_source_artifacts18PracticalJsonValueENtB3_10ConvertVec6to_vecNtNtB8_5alloc6GlobalEB1a_.llvm.12037266737062253525", referenced from:
                __RNvMNtCslJsSqIQKwiA_5alloc5sliceSNtNtCsiRk0bvHVOSr_6mpk_vc33csharp_practical_source_artifacts18PracticalJsonValue6to_vecBz_ in libmpk_vc-43a77541129f1733.rlib[5](mpk_vc-43a77541129f1733.05fe1yr4wzg0hwt11fm636ro0.19qvrf1.rcgu.o)
                __RNvNtNtCsiRk0bvHVOSr_6mpk_vc26csharp_practical_vir_model14loop_contracts11expressions in libmpk_vc-43a77541129f1733.rlib[5](mpk_vc-43a77541129f1733.05fe1yr4wzg0hwt11fm636ro0.19qvrf1.rcgu.o)
                __RNvMs4_NtCsiRk0bvHVOSr_6mpk_vc33csharp_practical_source_artifactsNtB5_18PracticalJsonValue18without_last_field in libmpk_vc-43a77541129f1733.rlib[13](mpk_vc-43a77541129f1733.0wdv1wicbfgep4bzfb64a8vg9.19qvrf1.rcgu.o)
                __RNvMsa_NtCsiRk0bvHVOSr_6mpk_vc33csharp_practical_source_artifactsNtB5_26ValidatedPracticalArtifact12artifact_ref in libmpk_vc-43a77541129f1733.rlib[13](mpk_vc-43a77541129f1733.0wdv1wicbfgep4bzfb64a8vg9.19qvrf1.rcgu.o)
                __RNvNtCsiRk0bvHVOSr_6mpk_vc33csharp_practical_source_artifacts23build_semantic_bindings in libmpk_vc-43a77541129f1733.rlib[13](mpk_vc-43a77541129f1733.0wdv1wicbfgep4bzfb64a8vg9.19qvrf1.rcgu.o)
                __RNvNtCsiRk0bvHVOSr_6mpk_vc33csharp_practical_source_artifacts34build_typed_boundary_input_capture in libmpk_vc-43a77541129f1733.rlib[13](mpk_vc-43a77541129f1733.0wdv1wicbfgep4bzfb64a8vg9.19qvrf1.rcgu.o)
                __RNvXsK_NtCsiRk0bvHVOSr_6mpk_vc33csharp_practical_source_artifactsNtB5_18PracticalJsonValueNtNtCsgtPOCBgevO_4core5clone5Clone5clone in libmpk_vc-43a77541129f1733.rlib[13](mpk_vc-43a77541129f1733.0wdv1wicbfgep4bzfb64a8vg9.19qvrf1.rcgu.o)
                ...
            "__RINvXs5_NtCs5fzGtNe2pyG_10serde_json2deQINtB6_12DeserializerNtNtB8_4read9SliceReadENtNtCs9ljO6xZjt6Z_10serde_core2de12Deserializer15deserialize_anyNtNtCsiRk0bvHVOSr_6mpk_vc33csharp_practical_source_artifacts20PracticalJsonVisitorEB2p_.llvm.16969358117294192671", referenced from:
                __RNvNtCsiRk0bvHVOSr_6mpk_vc33csharp_practical_source_artifacts30parse_canonical_practical_json in libmpk_vc-43a77541129f1733.rlib[13](mpk_vc-43a77541129f1733.0wdv1wicbfgep4bzfb64a8vg9.19qvrf1.rcgu.o)
            "__RINvXs6_NtCs5fzGtNe2pyG_10serde_json5errorNtB6_5ErrorNtNtCs9ljO6xZjt6Z_10serde_core2de5Error6customNtNtCsgtPOCBgevO_4core3fmt9ArgumentsECsiRk0bvHVOSr_6mpk_vc.llvm.1566097985009344788", referenced from:
                __RINvXs1_NtNtCs5fzGtNe2pyG_10serde_json5value2deINtNtBa_3map3MapNtNtCslJsSqIQKwiA_5alloc6string6StringNtB8_5ValueENtNtCs9ljO6xZjt6Z_10serde_core2de12Deserializer15deserialize_anyNtNvXNvNtCsiRk0bvHVOSr_6mpk_vc26csharp_practical_vir_model1__NtB2W_19DefinitionInventoryNtB1P_11Deserialize11deserialize9___VisitorEB2Y_ in libmpk_vc-43a77541129f1733.rlib[33](mpk_vc-43a77541129f1733.1qb80o8bobue9pmnpf6bua1ay.19qvrf1.rcgu.o)
                __RINvXs1_NtNtCs5fzGtNe2pyG_10serde_json5value2deINtNtBa_3map3MapNtNtCslJsSqIQKwiA_5alloc6string6StringNtB8_5ValueENtNtCs9ljO6xZjt6Z_10serde_core2de12Deserializer15deserialize_anyNtNvXNvNtCsiRk0bvHVOSr_6mpk_vc26csharp_practical_vir_model1__NtB2W_19DefinitionInventoryNtB1P_11Deserialize11deserialize9___VisitorEB2Y_ in libmpk_vc-43a77541129f1733.rlib[33](mpk_vc-43a77541129f1733.1qb80o8bobue9pmnpf6bua1ay.19qvrf1.rcgu.o)
                __RINvXs1_NtNtCs5fzGtNe2pyG_10serde_json5value2deINtNtBa_3map3MapNtNtCslJsSqIQKwiA_5alloc6string6StringNtB8_5ValueENtNtCs9ljO6xZjt6Z_10serde_core2de12Deserializer15deserialize_anyNtNvXNvNtCsiRk0bvHVOSr_6mpk_vc26csharp_practical_vir_model1__NtB2W_19DefinitionInventoryNtB1P_11Deserialize11deserialize9___VisitorEB2Y_ in libmpk_vc-43a77541129f1733.rlib[33](mpk_vc-43a77541129f1733.1qb80o8bobue9pmnpf6bua1ay.19qvrf1.rcgu.o)
                __RINvXs1_NtNtCs5fzGtNe2pyG_10serde_json5value2deINtNtBa_3map3MapNtNtCslJsSqIQKwiA_5alloc6string6StringNtB8_5ValueENtNtCs9ljO6xZjt6Z_10serde_core2de12Deserializer15deserialize_anyNtNvXNvNtCsiRk0bvHVOSr_6mpk_vc26csharp_practical_vir_model1__NtB2W_19DefinitionInventoryNtB1P_11Deserialize11deserialize9___VisitorEB2Y_ in libmpk_vc-43a77541129f1733.rlib[33](mpk_vc-43a77541129f1733.1qb80o8bobue9pmnpf6bua1ay.19qvrf1.rcgu.o)
                __RINvXs1_NtNtCs5fzGtNe2pyG_10serde_json5value2deINtNtBa_3map3MapNtNtCslJsSqIQKwiA_5alloc6string6StringNtB8_5ValueENtNtCs9ljO6xZjt6Z_10serde_core2de12Deserializer15deserialize_anyNtNvXNvNtCsiRk0bvHVOSr_6mpk_vc26csharp_practical_vir_model1__NtB2W_19DefinitionInventoryNtB1P_11Deserialize11deserialize9___VisitorEB2Y_ in libmpk_vc-43a77541129f1733.rlib[33](mpk_vc-43a77541129f1733.1qb80o8bobue9pmnpf6bua1ay.19qvrf1.rcgu.o)
                __RINvXs1_NtNtCs5fzGtNe2pyG_10serde_json5value2deINtNtBa_3map3MapNtNtCslJsSqIQKwiA_5alloc6string6StringNtB8_5ValueENtNtCs9ljO6xZjt6Z_10serde_core2de12Deserializer15deserialize_anyNtNvXNvNtCsiRk0bvHVOSr_6mpk_vc26csharp_practical_vir_model1__NtB2W_19DefinitionInventoryNtB1P_11Deserialize11deserialize9___VisitorEB2Y_ in libmpk_vc-43a77541129f1733.rlib[33](mpk_vc-43a77541129f1733.1qb80o8bobue9pmnpf6bua1ay.19qvrf1.rcgu.o)
                __RINvXs1_NtNtCs5fzGtNe2pyG_10serde_json5value2deINtNtBa_3map3MapNtNtCslJsSqIQKwiA_5alloc6string6StringNtB8_5ValueENtNtCs9ljO6xZjt6Z_10serde_core2de12Deserializer15deserialize_anyNtNvXNvNtCsiRk0bvHVOSr_6mpk_vc26csharp_practical_vir_model1__NtB2W_19DefinitionInventoryNtB1P_11Deserialize11deserialize9___VisitorEB2Y_ in libmpk_vc-43a77541129f1733.rlib[33](mpk_vc-43a77541129f1733.1qb80o8bobue9pmnpf6bua1ay.19qvrf1.rcgu.o)
                __RINvXs1_NtNtCs5fzGtNe2pyG_10serde_json5value2deINtNtBa_3map3MapNtNtCslJsSqIQKwiA_5alloc6string6StringNtB8_5ValueENtNtCs9ljO6xZjt6Z_10serde_core2de12Deserializer15deserialize_anyNtNvXNvNtCsiRk0bvHVOSr_6mpk_vc26csharp_practical_vir_model1__NtB2W_19DefinitionInventoryNtB1P_11Deserialize11deserialize9___VisitorEB2Y_ in libmpk_vc-43a77541129f1733.rlib[33](mpk_vc-43a77541129f1733.1qb80o8bobue9pmnpf6bua1ay.19qvrf1.rcgu.o)
                __RINvXs1_NtNtCs5fzGtNe2pyG_10serde_json5value2deINtNtBa_3map3MapNtNtCslJsSqIQKwiA_5alloc6string6StringNtB8_5ValueENtNtCs9ljO6xZjt6Z_10serde_core2de12Deserializer15deserialize_anyNtNvXNvNtCsiRk0bvHVOSr_6mpk_vc26csharp_practical_vir_model1__NtB2W_19DefinitionInventoryNtB1P_11Deserialize11deserialize9___VisitorEB2Y_ in libmpk_vc-43a77541129f1733.rlib[33](mpk_vc-43a77541129f1733.1qb80o8bobue9pmnpf6bua1ay.19qvrf1.rcgu.o)
                __RINvXs1_NtNtCs5fzGtNe2pyG_10serde_json5value2deINtNtBa_3map3MapNtNtCslJsSqIQKwiA_5alloc6string6StringNtB8_5ValueENtNtCs9ljO6xZjt6Z_10serde_core2de12Deserializer15deserialize_anyNtNvXNvNtCsiRk0bvHVOSr_6mpk_vc26csharp_practical_vir_model1__NtB2W_19DefinitionInventoryNtB1P_11Deserialize11deserialize9___VisitorEB2Y_ in libmpk_vc-43a77541129f1733.rlib[33](mpk_vc-43a77541129f1733.1qb80o8bobue9pmnpf6bua1ay.19qvrf1.rcgu.o)
                __RINvXs1_NtNtCs5fzGtNe2pyG_10serde_json5value2deINtNtBa_3map3MapNtNtCslJsSqIQKwiA_5alloc6string6StringNtB8_5ValueENtNtCs9ljO6xZjt6Z_10serde_core2de12Deserializer15deserialize_anyNtNvXNvNtCsiRk0bvHVOSr_6mpk_vc26csharp_practical_vir_model1__NtB2W_19DefinitionInventoryNtB1P_11Deserialize11deserialize9___VisitorEB2Y_ in libmpk_vc-43a77541129f1733.rlib[33](mpk_vc-43a77541129f1733.1qb80o8bobue9pmnpf6bua1ay.19qvrf1.rcgu.o)
                __RINvXs1_NtNtCs5fzGtNe2pyG_10serde_json5value2deINtNtBa_3map3MapNtNtCslJsSqIQKwiA_5alloc6string6StringNtB8_5ValueENtNtCs9ljO6xZjt6Z_10serde_core2de12Deserializer15deserialize_anyNtNvXNvNtCsiRk0bvHVOSr_6mpk_vc26csharp_practical_vir_model1__NtB2W_19DefinitionInventoryNtB1P_11Deserialize11deserialize9___VisitorEB2Y_ in libmpk_vc-43a77541129f1733.rlib[33](mpk_vc-43a77541129f1733.1qb80o8bobue9pmnpf6bua1ay.19qvrf1.rcgu.o)
                ...
            "__RNCNvNtNtNtCsiRk0bvHVOSr_6mpk_vc26csharp_practical_vir_model13data_emission16control_emission9find_expr0B9_.llvm.16969358117294192671", referenced from:
                __RNvMNtNtNtCsiRk0bvHVOSr_6mpk_vc26csharp_practical_vir_model13data_emission16control_emissionNtB4_7Emitter12control_body in libmpk_vc-43a77541129f1733.rlib[137](mpk_vc-43a77541129f1733.8eqh2iwaqlz0zi53zse66t0rf.19qvrf1.rcgu.o)
                __RNvMNtNtNtCsiRk0bvHVOSr_6mpk_vc26csharp_practical_vir_model13data_emission16control_emissionNtB4_7Emitter12control_body in libmpk_vc-43a77541129f1733.rlib[137](mpk_vc-43a77541129f1733.8eqh2iwaqlz0zi53zse66t0rf.19qvrf1.rcgu.o)
                __RNvMNtNtNtCsiRk0bvHVOSr_6mpk_vc26csharp_practical_vir_model13data_emission16control_emissionNtB4_7Emitter12control_body in libmpk_vc-43a77541129f1733.rlib[137](mpk_vc-43a77541129f1733.8eqh2iwaqlz0zi53zse66t0rf.19qvrf1.rcgu.o)
                __RNvMNtNtNtCsiRk0bvHVOSr_6mpk_vc26csharp_practical_vir_model13data_emission16control_emissionNtB4_7Emitter12control_body in libmpk_vc-43a77541129f1733.rlib[137](mpk_vc-43a77541129f1733.8eqh2iwaqlz0zi53zse66t0rf.19qvrf1.rcgu.o)
            "__RNvMNtNtCsiRk0bvHVOSr_6mpk_vc26csharp_practical_vir_model10structuralNtB2_17StructuralProgram13validate_pair.llvm.2748543619597779543", referenced from:
                __RNvMs1_NtNtCsiRk0bvHVOSr_6mpk_vc26csharp_practical_vir_model8businessNtB5_10MoneyModel16structural_equal in libmpk_vc-43a77541129f1733.rlib[135](mpk_vc-43a77541129f1733.8baotxkwhn398a1oc9e9zdi6c.19qvrf1.rcgu.o)
            "__RNvNtCsiRk0bvHVOSr_6mpk_vc4hash6finish.llvm.11700280103392842203", referenced from:
                __RNvNtCsiRk0bvHVOSr_6mpk_vc33csharp_practical_source_artifacts10raw_sha256 in libmpk_vc-43a77541129f1733.rlib[13](mpk_vc-43a77541129f1733.0wdv1wicbfgep4bzfb64a8vg9.19qvrf1.rcgu.o)
                __RNvNtCsiRk0bvHVOSr_6mpk_vc33csharp_practical_source_artifacts23capture_original_inputs in libmpk_vc-43a77541129f1733.rlib[13](mpk_vc-43a77541129f1733.0wdv1wicbfgep4bzfb64a8vg9.19qvrf1.rcgu.o)
                __RNvNtCsiRk0bvHVOSr_6mpk_vc26csharp_practical_vir_model27validate_descriptor_members in libmpk_vc-43a77541129f1733.rlib[95](mpk_vc-43a77541129f1733.5v4px5cpkj12ryzon77uxnrjy.19qvrf1.rcgu.o)
                __RNvNtCsiRk0bvHVOSr_6mpk_vc26csharp_practical_vir_model37validate_registered_foundation_bundle in libmpk_vc-43a77541129f1733.rlib[95](mpk_vc-43a77541129f1733.5v4px5cpkj12ryzon77uxnrjy.19qvrf1.rcgu.o)
                __RNvNtCsiRk0bvHVOSr_6mpk_vc25csharp_practical_vc_model13hash_complete in libmpk_vc-43a77541129f1733.rlib[189](mpk_vc-43a77541129f1733.aq2ocvww74hjkcgiytdxeogz5.19qvrf1.rcgu.o)
                __RNvNtCsiRk0bvHVOSr_6mpk_vc25csharp_practical_vc_model7vc_hash in libmpk_vc-43a77541129f1733.rlib[189](mpk_vc-43a77541129f1733.aq2ocvww74hjkcgiytdxeogz5.19qvrf1.rcgu.o)
                __RNvNtCsiRk0bvHVOSr_6mpk_vc31csharp_practical_vir_validation9hash_wire in libmpk_vc-43a77541129f1733.rlib[216](mpk_vc-43a77541129f1733.cj49h6th1o5cd22g9japwrnjl.19qvrf1.rcgu.o)
                ...
            "__RNvNvNtCsgtPOCBgevO_4core4hint21unreachable_unchecked18precondition_check.llvm.11241048773462177868", referenced from:
                __RINvNtNtNtNtNtCsiRk0bvHVOSr_6mpk_vc26csharp_practical_vir_model17ordinary_carriers10structural14source_clauses17construction_data4nameTRNtNtCslJsSqIQKwiA_5alloc6string6StringjEEBc_ in libmpk_vc-43a77541129f1733.rlib[60](mpk_vc-43a77541129f1733.3frqgzg5rlogye246ppjvfwrz.19qvrf1.rcgu.o)
                __RINvNtNtNtNtNtCsiRk0bvHVOSr_6mpk_vc26csharp_practical_vir_model17ordinary_carriers10structural14source_clauses11lifted_data9core_nameTRNtNtCslJsSqIQKwiA_5alloc6string6StringjEEBc_ in libmpk_vc-43a77541129f1733.rlib[92](mpk_vc-43a77541129f1733.5lyw9ktd9e0c4ltkpsm4nv9l7.19qvrf1.rcgu.o)
                __RINvNtNtNtNtNtCsiRk0bvHVOSr_6mpk_vc26csharp_practical_vir_model17ordinary_carriers10structural14source_clauses13sequence_data4nameTRNtNtCslJsSqIQKwiA_5alloc6string6StringjEEBc_ in libmpk_vc-43a77541129f1733.rlib[150](mpk_vc-43a77541129f1733.916bbsapf5l75akpnddihiygo.19qvrf1.rcgu.o)
                __RINvNtNtNtNtCsiRk0bvHVOSr_6mpk_vc26csharp_practical_vir_model17ordinary_carriers10structural19binding_projections5namedTReB1U_mNtNtCslJsSqIQKwiA_5alloc6string6StringEEBa_ in libmpk_vc-43a77541129f1733.rlib[206](mpk_vc-43a77541129f1733.btkzjjedhwao86gmwke9th0ly.19qvrf1.rcgu.o)
                __RINvNtNtNtNtCsiRk0bvHVOSr_6mpk_vc26csharp_practical_vir_model17ordinary_carriers10structural19binding_projections5namedTRemRINtNtCslJsSqIQKwiA_5alloc3vec3VecbEEEBa_ in libmpk_vc-43a77541129f1733.rlib[206](mpk_vc-43a77541129f1733.btkzjjedhwao86gmwke9th0ly.19qvrf1.rcgu.o)
                __RINvNtNtNtNtCsiRk0bvHVOSr_6mpk_vc26csharp_practical_vir_model17ordinary_carriers10structural19binding_projections5namedmEBa_ in libmpk_vc-43a77541129f1733.rlib[206](mpk_vc-43a77541129f1733.btkzjjedhwao86gmwke9th0ly.19qvrf1.rcgu.o)
            "__RNvXNtNtNtCsgtPOCBgevO_4core5array4iter10iter_innerSINtNtNtB8_3mem12maybe_uninit11MaybeUninitTNtNtCslJsSqIQKwiA_5alloc6string6StringB1u_EENtB2_11PartialDrop12partial_dropCsiRk0bvHVOSr_6mpk_vc.llvm.11192891318264781093", referenced from:
                __RINvXs1p_NtNtNtCslJsSqIQKwiA_5alloc11collections5btree3mapINtB7_8BTreeMapNtNtBd_6string6StringB19_EINtNtNtNtCsgtPOCBgevO_4core4iter6traits7collect6ExtendTB19_B19_EE6extendAB2r_j3_ECsiRk0bvHVOSr_6mpk_vc in libmpk_vc-43a77541129f1733.rlib[18](mpk_vc-43a77541129f1733.12fs0guuyjm5u439547ypjui2.19qvrf1.rcgu.o)
            "__RNvXs2_NtNtCslJsSqIQKwiA_5alloc3vec11spec_extendINtB7_3VecjEINtB5_10SpecExtendRjINtNtNtCsgtPOCBgevO_4core5slice4iter4IterjEE11spec_extendCsiRk0bvHVOSr_6mpk_vc.llvm.12037266737062253525", referenced from:
                __RNvNtNtNtNtCsiRk0bvHVOSr_6mpk_vc26csharp_practical_vir_model17ordinary_carriers11scalar_bits11json_values4emit in libmpk_vc-43a77541129f1733.rlib[51](mpk_vc-43a77541129f1733.2v37lf1ii50x28vjwwv8usrdm.19qvrf1.rcgu.o)
                __RNvNtNtNtNtCsiRk0bvHVOSr_6mpk_vc26csharp_practical_vir_model17ordinary_carriers11scalar_bits12json_strings4emit in libmpk_vc-43a77541129f1733.rlib[81](mpk_vc-43a77541129f1733.55lvn85uh6yr8z84og9ms6r9h.19qvrf1.rcgu.o)
                __RNvNtNtNtNtCsiRk0bvHVOSr_6mpk_vc26csharp_practical_vir_model17ordinary_carriers11scalar_bits19json_string_parsers11emit_framed in libmpk_vc-43a77541129f1733.rlib[129](mpk_vc-43a77541129f1733.81x1lir7wb7oow0c5d6xo0n33.19qvrf1.rcgu.o)
                __RNvNtNtNtNtCsiRk0bvHVOSr_6mpk_vc26csharp_practical_vir_model17ordinary_carriers11scalar_bits19json_string_parsers11emit_packet in libmpk_vc-43a77541129f1733.rlib[129](mpk_vc-43a77541129f1733.81x1lir7wb7oow0c5d6xo0n33.19qvrf1.rcgu.o)
                __RNvNtNtNtNtCsiRk0bvHVOSr_6mpk_vc26csharp_practical_vir_model17ordinary_carriers11scalar_bits19json_string_parsers11emit_packet in libmpk_vc-43a77541129f1733.rlib[129](mpk_vc-43a77541129f1733.81x1lir7wb7oow0c5d6xo0n33.19qvrf1.rcgu.o)
                __RNvNtNtNtNtCsiRk0bvHVOSr_6mpk_vc26csharp_practical_vir_model17ordinary_carriers11scalar_bits19json_string_parsers11emit_packet in libmpk_vc-43a77541129f1733.rlib[129](mpk_vc-43a77541129f1733.81x1lir7wb7oow0c5d6xo0n33.19qvrf1.rcgu.o)
                __RNvNtNtNtNtCsiRk0bvHVOSr_6mpk_vc26csharp_practical_vir_model17ordinary_carriers11scalar_bits19json_string_parsers11emit_packet in libmpk_vc-43a77541129f1733.rlib[129](mpk_vc-43a77541129f1733.81x1lir7wb7oow0c5d6xo0n33.19qvrf1.rcgu.o)
                __RNvNtNtNtNtCsiRk0bvHVOSr_6mpk_vc26csharp_practical_vir_model17ordinary_carriers11scalar_bits19json_string_parsers11emit_packet in libmpk_vc-43a77541129f1733.rlib[129](mpk_vc-43a77541129f1733.81x1lir7wb7oow0c5d6xo0n33.19qvrf1.rcgu.o)
                __RNvNtNtNtNtCsiRk0bvHVOSr_6mpk_vc26csharp_practical_vir_model17ordinary_carriers11scalar_bits19json_string_parsers11emit_packet in libmpk_vc-43a77541129f1733.rlib[129](mpk_vc-43a77541129f1733.81x1lir7wb7oow0c5d6xo0n33.19qvrf1.rcgu.o)
                ...
            "__RNvXs5_NtNtCseTcyvaM6R7v_6digest8core_api7wrapperINtB5_11CoreWrapperINtNtB7_11ct_variable21CtVariableCoreWrapperNtNtCs2hZLKzdcXq7_4sha28core_api13Sha256VarCoreINtNtCsarrMKekzYTA_7typenum4uint4UIntIB2y_IB2y_IB2y_IB2y_IB2y_NtB2A_5UTermNtNtB2C_3bit2B1ENtB3L_2B0EB3Z_EB3Z_EB3Z_EB3Z_ENtB1Q_9OidSha256EENtB9_6Update6updateCsiRk0bvHVOSr_6mpk_vc.llvm.11700280103392842203", referenced from:
                __RNvNtCsiRk0bvHVOSr_6mpk_vc33csharp_practical_source_artifacts10raw_sha256 in libmpk_vc-43a77541129f1733.rlib[13](mpk_vc-43a77541129f1733.0wdv1wicbfgep4bzfb64a8vg9.19qvrf1.rcgu.o)
                __RNvNtCsiRk0bvHVOSr_6mpk_vc33csharp_practical_source_artifacts23capture_original_inputs in libmpk_vc-43a77541129f1733.rlib[13](mpk_vc-43a77541129f1733.0wdv1wicbfgep4bzfb64a8vg9.19qvrf1.rcgu.o)
                __RNvNtCsiRk0bvHVOSr_6mpk_vc26csharp_practical_vir_model27validate_descriptor_members in libmpk_vc-43a77541129f1733.rlib[95](mpk_vc-43a77541129f1733.5v4px5cpkj12ryzon77uxnrjy.19qvrf1.rcgu.o)
                __RNvNtCsiRk0bvHVOSr_6mpk_vc26csharp_practical_vir_model37validate_registered_foundation_bundle in libmpk_vc-43a77541129f1733.rlib[95](mpk_vc-43a77541129f1733.5v4px5cpkj12ryzon77uxnrjy.19qvrf1.rcgu.o)
                __RNvNtCsiRk0bvHVOSr_6mpk_vc25csharp_practical_vc_model13hash_complete in libmpk_vc-43a77541129f1733.rlib[189](mpk_vc-43a77541129f1733.aq2ocvww74hjkcgiytdxeogz5.19qvrf1.rcgu.o)
                __RNvNtCsiRk0bvHVOSr_6mpk_vc25csharp_practical_vc_model13hash_complete in libmpk_vc-43a77541129f1733.rlib[189](mpk_vc-43a77541129f1733.aq2ocvww74hjkcgiytdxeogz5.19qvrf1.rcgu.o)
                __RNvNtCsiRk0bvHVOSr_6mpk_vc25csharp_practical_vc_model13hash_complete in libmpk_vc-43a77541129f1733.rlib[189](mpk_vc-43a77541129f1733.aq2ocvww74hjkcgiytdxeogz5.19qvrf1.rcgu.o)
                ...
            "__RNvXsF_NtNtNtCslJsSqIQKwiA_5alloc11collections5btree3mapINtB5_4KeysReRNtNtCsiRk0bvHVOSr_6mpk_vc31csharp_practical_vir_validation25SymbolicConstructionBlockENtNtNtNtCsgtPOCBgevO_4core4iter6traits8iterator8Iterator4nextB1a_.llvm.17462002234127355773", referenced from:
                __RNvNtNtNtNtCsiRk0bvHVOSr_6mpk_vc26csharp_practical_vir_model17ordinary_carriers10structural14ownership_flow4emit in libmpk_vc-43a77541129f1733.rlib[56](mpk_vc-43a77541129f1733.37ckkv3dwaothmmoekz6lma5v.19qvrf1.rcgu.o)
                __RNvNtNtNtNtCsiRk0bvHVOSr_6mpk_vc26csharp_practical_vir_model17ordinary_carriers10structural14ownership_flow4emit in libmpk_vc-43a77541129f1733.rlib[56](mpk_vc-43a77541129f1733.37ckkv3dwaothmmoekz6lma5v.19qvrf1.rcgu.o)
            "__RNvXsO_NtCsiRk0bvHVOSr_6mpk_vc33csharp_practical_source_artifactsNtB5_18PracticalJsonValueNtNtCsgtPOCBgevO_4core3cmp9PartialEq2eq.llvm.16969358117294192671", referenced from:
                __RNvXsO_NtCsiRk0bvHVOSr_6mpk_vc33csharp_practical_source_artifactsNtB5_18PracticalJsonValueNtNtCsgtPOCBgevO_4core3cmp9PartialEq2eq.llvm.9815736883036722620 in libmpk_vc-43a77541129f1733.rlib[13](mpk_vc-43a77541129f1733.0wdv1wicbfgep4bzfb64a8vg9.19qvrf1.rcgu.o)
                __RNvXsO_NtCsiRk0bvHVOSr_6mpk_vc33csharp_practical_source_artifactsNtB5_18PracticalJsonValueNtNtCsgtPOCBgevO_4core3cmp9PartialEq2eq in libmpk_vc-43a77541129f1733.rlib[14](mpk_vc-43a77541129f1733.0xzk2ujjdyxhv4hbrqiv07pnk.19qvrf1.rcgu.o)
                __RNvXs2_NtNtCsgtPOCBgevO_4core5slice3cmpTNtNtCslJsSqIQKwiA_5alloc6string6StringNtNtCsiRk0bvHVOSr_6mpk_vc33csharp_practical_source_artifacts18PracticalJsonValueEINtB5_14SlicePartialEqBB_E17equal_same_lengthB1i_ in libmpk_vc-43a77541129f1733.rlib[66](mpk_vc-43a77541129f1733.46zcm28wbseq9px79izez769b.19qvrf1.rcgu.o)
                __RNvYNtNtCsiRk0bvHVOSr_6mpk_vc33csharp_practical_source_artifacts18PracticalJsonValueNtNtCsgtPOCBgevO_4core3cmp9PartialEq2neB6_ in libmpk_vc-43a77541129f1733.rlib[137](mpk_vc-43a77541129f1733.8eqh2iwaqlz0zi53zse66t0rf.19qvrf1.rcgu.o)
                __RNvMs2_NtNtCsiRk0bvHVOSr_6mpk_vc26csharp_practical_vir_model11data_sourceNtB5_19ValidatedDataSource15require_lineage in libmpk_vc-43a77541129f1733.rlib[145](mpk_vc-43a77541129f1733.8rg2hlzc4zlm2eidmg1v81jq9.19qvrf1.rcgu.o)
                __RNvNtCsiRk0bvHVOSr_6mpk_vc31csharp_practical_vir_validation22require_context_fields in libmpk_vc-43a77541129f1733.rlib[216](mpk_vc-43a77541129f1733.cj49h6th1o5cd22g9japwrnjl.19qvrf1.rcgu.o)
            "__RNvXsp_NtCsiRk0bvHVOSr_6mpk_vc14canonical_jsonNtB5_15StrictJsonValueNtNtCsgtPOCBgevO_4core3cmp9PartialEq2eq.llvm.11241048773462177868", referenced from:
                __RNvXs2_NtNtCsgtPOCBgevO_4core5slice3cmpTNtNtCslJsSqIQKwiA_5alloc6string6StringNtNtCsiRk0bvHVOSr_6mpk_vc14canonical_json15StrictJsonValueEINtB5_14SlicePartialEqBB_E17equal_same_lengthB1i_ in libmpk_vc-43a77541129f1733.rlib[66](mpk_vc-43a77541129f1733.46zcm28wbseq9px79izez769b.19qvrf1.rcgu.o)
                __RNvNtCsiRk0bvHVOSr_6mpk_vc26csharp_practical_vir_model37validate_registered_foundation_bundle in libmpk_vc-43a77541129f1733.rlib[95](mpk_vc-43a77541129f1733.5v4px5cpkj12ryzon77uxnrjy.19qvrf1.rcgu.o)
                __RNvYNtNtCsiRk0bvHVOSr_6mpk_vc14canonical_json15StrictJsonValueNtNtCsgtPOCBgevO_4core3cmp9PartialEq2neB6_ in libmpk_vc-43a77541129f1733.rlib[95](mpk_vc-43a77541129f1733.5v4px5cpkj12ryzon77uxnrjy.19qvrf1.rcgu.o)
            "__RNvXsq_NtCslJsSqIQKwiA_5alloc6stringNtB5_6StringNtNtCsgtPOCBgevO_4core3fmt7Display3fmt.llvm.9235610262838023261", referenced from:
                __RNvNtCsiRk0bvHVOSr_6mpk_vc25csharp_practical_vc_model23build_obligation_groups in libmpk_vc-43a77541129f1733.rlib[189](mpk_vc-43a77541129f1733.aq2ocvww74hjkcgiytdxeogz5.19qvrf1.rcgu.o)
            "__RNvXsy_NtNtNtCslJsSqIQKwiA_5alloc11collections5btree3mapINtB5_8IntoIterNtNtBb_6string6StringNtNtCs5fzGtNe2pyG_10serde_json5value5ValueENtNtNtCsgtPOCBgevO_4core3ops4drop4Drop4dropCsiRk0bvHVOSr_6mpk_vc.llvm.358913832166069894", referenced from:
                __RINvNtCsgtPOCBgevO_4core3ptr9drop_glueINtNtB4_6option6OptionNtNtCs5fzGtNe2pyG_10serde_json5value5ValueEECsiRk0bvHVOSr_6mpk_vc in libmpk_vc-43a77541129f1733.rlib[9](mpk_vc-43a77541129f1733.0o3pbw8kvbc328go145icp3fu.19qvrf1.rcgu.o)
                __RINvNtCsgtPOCBgevO_4core3ptr9drop_glueNtNtCs5fzGtNe2pyG_10serde_json5value5ValueECsiRk0bvHVOSr_6mpk_vc in libmpk_vc-43a77541129f1733.rlib[9](mpk_vc-43a77541129f1733.0o3pbw8kvbc328go145icp3fu.19qvrf1.rcgu.o)
                __RINvNtCsgtPOCBgevO_4core3ptr9drop_glueINtNtB4_6option6OptionNtNtCs5fzGtNe2pyG_10serde_json5value5ValueEECsiRk0bvHVOSr_6mpk_vc in libmpk_vc-43a77541129f1733.rlib[13](mpk_vc-43a77541129f1733.0wdv1wicbfgep4bzfb64a8vg9.19qvrf1.rcgu.o)
                __RINvNtCsgtPOCBgevO_4core3ptr9drop_glueNtNtCs5fzGtNe2pyG_10serde_json5value5ValueECsiRk0bvHVOSr_6mpk_vc in libmpk_vc-43a77541129f1733.rlib[13](mpk_vc-43a77541129f1733.0wdv1wicbfgep4bzfb64a8vg9.19qvrf1.rcgu.o)
                __RNvNtCsiRk0bvHVOSr_6mpk_vc33csharp_practical_source_artifacts30validate_closed_source_capture in libmpk_vc-43a77541129f1733.rlib[13](mpk_vc-43a77541129f1733.0wdv1wicbfgep4bzfb64a8vg9.19qvrf1.rcgu.o)
                __RNvNtCsiRk0bvHVOSr_6mpk_vc33csharp_practical_source_artifacts35validate_closed_instance_provenance in libmpk_vc-43a77541129f1733.rlib[13](mpk_vc-43a77541129f1733.0wdv1wicbfgep4bzfb64a8vg9.19qvrf1.rcgu.o)
                __RINvNtCsgtPOCBgevO_4core3ptr9drop_glueINtNtB4_6option6OptionNtNtCs5fzGtNe2pyG_10serde_json5value5ValueEECsiRk0bvHVOSr_6mpk_vc in libmpk_vc-43a77541129f1733.rlib[14](mpk_vc-43a77541129f1733.0xzk2ujjdyxhv4hbrqiv07pnk.19qvrf1.rcgu.o)
                ...
            "_anon.00d4cd27cbfac0a7fbf39e06a18d8860.1.llvm.1199437671935406126", referenced from:
                __RINvXNvXsh_NtNtCs9ljO6xZjt6Z_10serde_core2de5implsINtNtCslJsSqIQKwiA_5alloc3vec3VecpENtBb_11Deserialize11deserializeINtB3_10VecVisitorNtNtNtCsiRk0bvHVOSr_6mpk_vc26csharp_practical_vir_model14control_source20ExceptionDeclarationENtBb_7Visitor9visit_seqQNtNtNtCs5fzGtNe2pyG_10serde_json5value2de15SeqDeserializerEB2e_ in libmpk_vc-43a77541129f1733.rlib[166](mpk_vc-43a77541129f1733.9ldg68757ugja7p2kyucndlft.19qvrf1.rcgu.o)
            "_anon.00d4cd27cbfac0a7fbf39e06a18d8860.17.llvm.1199437671935406126", referenced from:
                __RNvNtNtCsiRk0bvHVOSr_6mpk_vc26csharp_practical_vir_model14control_source23validate_control_source in libmpk_vc-43a77541129f1733.rlib[257](mpk_vc-43a77541129f1733.f1ec85yk87rhanooxnh5cczqg.19qvrf1.rcgu.o)
            "_anon.00d4cd27cbfac0a7fbf39e06a18d8860.35.llvm.1199437671935406126", referenced from:
                __RNvNtNtCsiRk0bvHVOSr_6mpk_vc26csharp_practical_vir_model10transition27attach_transition_contracts in libmpk_vc-43a77541129f1733.rlib[18](mpk_vc-43a77541129f1733.12fs0guuyjm5u439547ypjui2.19qvrf1.rcgu.o)
            "_anon.00d4cd27cbfac0a7fbf39e06a18d8860.37.llvm.1199437671935406126", referenced from:
                __RNvNtNtCsiRk0bvHVOSr_6mpk_vc26csharp_practical_vir_model8boundary25attach_boundary_contracts in libmpk_vc-43a77541129f1733.rlib[207](mpk_vc-43a77541129f1733.bvunf0h47wgpg72ivm6l3r853.19qvrf1.rcgu.o)
                __RNvNtNtCsiRk0bvHVOSr_6mpk_vc26csharp_practical_vir_model8boundary25attach_boundary_contracts in libmpk_vc-43a77541129f1733.rlib[207](mpk_vc-43a77541129f1733.bvunf0h47wgpg72ivm6l3r853.19qvrf1.rcgu.o)
            "_anon.00d4cd27cbfac0a7fbf39e06a18d8860.6.llvm.1199437671935406126", referenced from:
                __RINvXNvXsh_NtNtCs9ljO6xZjt6Z_10serde_core2de5implsINtNtCslJsSqIQKwiA_5alloc3vec3VecpENtBb_11Deserialize11deserializeINtB3_10VecVisitorNtNtNtCsiRk0bvHVOSr_6mpk_vc26csharp_practical_vir_model14control_source20ExceptionDeclarationENtBb_7Visitor9visit_seqQNtNtNtCs5fzGtNe2pyG_10serde_json5value2de15SeqDeserializerEB2e_ in libmpk_vc-43a77541129f1733.rlib[166](mpk_vc-43a77541129f1733.9ldg68757ugja7p2kyucndlft.19qvrf1.rcgu.o)
            "_anon.00d4cd27cbfac0a7fbf39e06a18d8860.7.llvm.1199437671935406126", referenced from:
                __RNvNtNtCsiRk0bvHVOSr_6mpk_vc26csharp_practical_vir_model14control_source23validate_control_source in libmpk_vc-43a77541129f1733.rlib[257](mpk_vc-43a77541129f1733.f1ec85yk87rhanooxnh5cczqg.19qvrf1.rcgu.o)
            "_anon.02428d71ec5d6886a47e3ef4fcb581e7.21.llvm.16969358117294192671", referenced from:
                __RNvMsd_NtCsiRk0bvHVOSr_6mpk_vc33csharp_practical_source_artifactsNtB5_21CapturedOriginalInput5value in libmpk_vc-43a77541129f1733.rlib[13](mpk_vc-43a77541129f1733.0wdv1wicbfgep4bzfb64a8vg9.19qvrf1.rcgu.o)
                __RNvNtCsiRk0bvHVOSr_6mpk_vc33csharp_practical_source_artifacts23build_semantic_bindings in libmpk_vc-43a77541129f1733.rlib[13](mpk_vc-43a77541129f1733.0wdv1wicbfgep4bzfb64a8vg9.19qvrf1.rcgu.o)
                __RNvNtCsiRk0bvHVOSr_6mpk_vc33csharp_practical_source_artifacts32practical_semantic_context_value in libmpk_vc-43a77541129f1733.rlib[13](mpk_vc-43a77541129f1733.0wdv1wicbfgep4bzfb64a8vg9.19qvrf1.rcgu.o)
                __RNvNtNtCsiRk0bvHVOSr_6mpk_vc26csharp_practical_vir_model10data_phase14contract_codec in libmpk_vc-43a77541129f1733.rlib[14](mpk_vc-43a77541129f1733.0xzk2ujjdyxhv4hbrqiv07pnk.19qvrf1.rcgu.o)
                __RNvNtNtNtNtCsiRk0bvHVOSr_6mpk_vc26csharp_practical_vir_model17ordinary_carriers11scalar_bits11json_syntax46generate_csharp_practical_ordinary_json_syntax in libmpk_vc-43a77541129f1733.rlib[82](mpk_vc-43a77541129f1733.561bpvvvls9m7rfli68jansnr.19qvrf1.rcgu.o)
                __RNCNvNtNtCsiRk0bvHVOSr_6mpk_vc26csharp_practical_vir_model14boundary_input10typed_jsons1_0B7_ in libmpk_vc-43a77541129f1733.rlib[253](mpk_vc-43a77541129f1733.ergdrm2xqoy9vvf42m1rli37m.19qvrf1.rcgu.o)
                __RNvNtNtCsiRk0bvHVOSr_6mpk_vc26csharp_practical_vir_model14boundary_input10typed_json in libmpk_vc-43a77541129f1733.rlib[253](mpk_vc-43a77541129f1733.ergdrm2xqoy9vvf42m1rli37m.19qvrf1.rcgu.o)
                ...
            "_anon.02428d71ec5d6886a47e3ef4fcb581e7.46.llvm.16969358117294192671", referenced from:
                __RNvMsd_NtCsiRk0bvHVOSr_6mpk_vc33csharp_practical_source_artifactsNtB5_21CapturedOriginalInput5value in libmpk_vc-43a77541129f1733.rlib[13](mpk_vc-43a77541129f1733.0wdv1wicbfgep4bzfb64a8vg9.19qvrf1.rcgu.o)
                __RNvNtCsiRk0bvHVOSr_6mpk_vc33csharp_practical_source_artifacts23build_semantic_bindings in libmpk_vc-43a77541129f1733.rlib[13](mpk_vc-43a77541129f1733.0wdv1wicbfgep4bzfb64a8vg9.19qvrf1.rcgu.o)
                __RNvNtCsiRk0bvHVOSr_6mpk_vc33csharp_practical_source_artifacts32practical_semantic_context_value in libmpk_vc-43a77541129f1733.rlib[13](mpk_vc-43a77541129f1733.0wdv1wicbfgep4bzfb64a8vg9.19qvrf1.rcgu.o)
                __RNvNtNtCsiRk0bvHVOSr_6mpk_vc26csharp_practical_vir_model10data_phase14contract_codec in libmpk_vc-43a77541129f1733.rlib[14](mpk_vc-43a77541129f1733.0xzk2ujjdyxhv4hbrqiv07pnk.19qvrf1.rcgu.o)
                __RNvNtNtNtNtCsiRk0bvHVOSr_6mpk_vc26csharp_practical_vir_model17ordinary_carriers11scalar_bits11json_syntax46generate_csharp_practical_ordinary_json_syntax in libmpk_vc-43a77541129f1733.rlib[82](mpk_vc-43a77541129f1733.561bpvvvls9m7rfli68jansnr.19qvrf1.rcgu.o)
                __RNCNvNtNtCsiRk0bvHVOSr_6mpk_vc26csharp_practical_vir_model14boundary_input10typed_jsons1_0B7_ in libmpk_vc-43a77541129f1733.rlib[253](mpk_vc-43a77541129f1733.ergdrm2xqoy9vvf42m1rli37m.19qvrf1.rcgu.o)
                __RNvNtNtCsiRk0bvHVOSr_6mpk_vc26csharp_practical_vir_model14boundary_input10typed_json in libmpk_vc-43a77541129f1733.rlib[253](mpk_vc-43a77541129f1733.ergdrm2xqoy9vvf42m1rli37m.19qvrf1.rcgu.o)
                ...
            "_anon.053f7e968c1502de9aeccbdaf103a288.20.llvm.17462002234127355773", referenced from:
                __RNvMsc_NtNtNtCslJsSqIQKwiA_5alloc11collections5btree3setINtB5_8BTreeSetReE10differenceCsiRk0bvHVOSr_6mpk_vc in libmpk_vc-43a77541129f1733.rlib[248](mpk_vc-43a77541129f1733.ej9z5spna1ktdxdva2tum0u07.19qvrf1.rcgu.o)
                __RNvMsc_NtNtNtCslJsSqIQKwiA_5alloc11collections5btree3setINtB5_8BTreeSetReE12intersectionCsiRk0bvHVOSr_6mpk_vc in libmpk_vc-43a77541129f1733.rlib[248](mpk_vc-43a77541129f1733.ej9z5spna1ktdxdva2tum0u07.19qvrf1.rcgu.o)
                __RNvMsc_NtNtNtCslJsSqIQKwiA_5alloc11collections5btree3setINtB5_8BTreeSetReE9is_subsetCsiRk0bvHVOSr_6mpk_vc in libmpk_vc-43a77541129f1733.rlib[248](mpk_vc-43a77541129f1733.ej9z5spna1ktdxdva2tum0u07.19qvrf1.rcgu.o)
                __RNvMsc_NtNtNtCslJsSqIQKwiA_5alloc11collections5btree3setINtB5_8BTreeSetjE12intersectionCsiRk0bvHVOSr_6mpk_vc in libmpk_vc-43a77541129f1733.rlib[248](mpk_vc-43a77541129f1733.ej9z5spna1ktdxdva2tum0u07.19qvrf1.rcgu.o)
                __RNvMsc_NtNtNtCslJsSqIQKwiA_5alloc11collections5btree3setINtB5_8BTreeSetmE12intersectionCsiRk0bvHVOSr_6mpk_vc in libmpk_vc-43a77541129f1733.rlib[248](mpk_vc-43a77541129f1733.ej9z5spna1ktdxdva2tum0u07.19qvrf1.rcgu.o)
            "_anon.053f7e968c1502de9aeccbdaf103a288.21.llvm.17462002234127355773", referenced from:
                __RNvXsc_NtNtCsiRk0bvHVOSr_6mpk_vc26csharp_practical_vir_model10data_phaseNtB5_23DataContractEnvironmentNtNtCsgtPOCBgevO_4core5clone5Clone5clone in libmpk_vc-43a77541129f1733.rlib[5](mpk_vc-43a77541129f1733.05fe1yr4wzg0hwt11fm636ro0.19qvrf1.rcgu.o)
                __RNvXsc_NtNtCsiRk0bvHVOSr_6mpk_vc26csharp_practical_vir_model10data_phaseNtB5_23DataContractEnvironmentNtNtCsgtPOCBgevO_4core5clone5Clone5clone in libmpk_vc-43a77541129f1733.rlib[5](mpk_vc-43a77541129f1733.05fe1yr4wzg0hwt11fm636ro0.19qvrf1.rcgu.o)
                __RNvXsc_NtNtCsiRk0bvHVOSr_6mpk_vc26csharp_practical_vir_model10data_phaseNtB5_23DataContractEnvironmentNtNtCsgtPOCBgevO_4core5clone5Clone5clone in libmpk_vc-43a77541129f1733.rlib[5](mpk_vc-43a77541129f1733.05fe1yr4wzg0hwt11fm636ro0.19qvrf1.rcgu.o)
                __RNvXsc_NtNtCsiRk0bvHVOSr_6mpk_vc26csharp_practical_vir_model10data_phaseNtB5_23DataContractEnvironmentNtNtCsgtPOCBgevO_4core5clone5Clone5clone in libmpk_vc-43a77541129f1733.rlib[5](mpk_vc-43a77541129f1733.05fe1yr4wzg0hwt11fm636ro0.19qvrf1.rcgu.o)
                __RNvXsc_NtNtCsiRk0bvHVOSr_6mpk_vc26csharp_practical_vir_model10data_phaseNtB5_23DataContractEnvironmentNtNtCsgtPOCBgevO_4core5clone5Clone5clone in libmpk_vc-43a77541129f1733.rlib[5](mpk_vc-43a77541129f1733.05fe1yr4wzg0hwt11fm636ro0.19qvrf1.rcgu.o)
                __RNvXsc_NtNtCsiRk0bvHVOSr_6mpk_vc26csharp_practical_vir_model10data_phaseNtB5_23DataContractEnvironmentNtNtCsgtPOCBgevO_4core5clone5Clone5clone in libmpk_vc-43a77541129f1733.rlib[5](mpk_vc-43a77541129f1733.05fe1yr4wzg0hwt11fm636ro0.19qvrf1.rcgu.o)
                __RNvXsd_NtNtCsiRk0bvHVOSr_6mpk_vc26csharp_practical_vir_model7data_vcNtB5_22DataSemanticDefinitionNtNtCsgtPOCBgevO_4core5clone5Clone5clone in libmpk_vc-43a77541129f1733.rlib[9](mpk_vc-43a77541129f1733.0o3pbw8kvbc328go145icp3fu.19qvrf1.rcgu.o)
                __RNvXsd_NtNtCsiRk0bvHVOSr_6mpk_vc26csharp_practical_vir_model7data_vcNtB5_22DataSemanticDefinitionNtNtCsgtPOCBgevO_4core5clone5Clone5clone in libmpk_vc-43a77541129f1733.rlib[9](mpk_vc-43a77541129f1733.0o3pbw8kvbc328go145icp3fu.19qvrf1.rcgu.o)
                ...
            "_anon.053f7e968c1502de9aeccbdaf103a288.6.llvm.17462002234127355773", referenced from:
                __RNvMsc_NtNtNtCslJsSqIQKwiA_5alloc11collections5btree3setINtB5_8BTreeSetReE10differenceCsiRk0bvHVOSr_6mpk_vc in libmpk_vc-43a77541129f1733.rlib[248](mpk_vc-43a77541129f1733.ej9z5spna1ktdxdva2tum0u07.19qvrf1.rcgu.o)
                __RNvMsc_NtNtNtCslJsSqIQKwiA_5alloc11collections5btree3setINtB5_8BTreeSetReE12intersectionCsiRk0bvHVOSr_6mpk_vc in libmpk_vc-43a77541129f1733.rlib[248](mpk_vc-43a77541129f1733.ej9z5spna1ktdxdva2tum0u07.19qvrf1.rcgu.o)
                __RNvMsc_NtNtNtCslJsSqIQKwiA_5alloc11collections5btree3setINtB5_8BTreeSetReE9is_subsetCsiRk0bvHVOSr_6mpk_vc in libmpk_vc-43a77541129f1733.rlib[248](mpk_vc-43a77541129f1733.ej9z5spna1ktdxdva2tum0u07.19qvrf1.rcgu.o)
                __RNvMsc_NtNtNtCslJsSqIQKwiA_5alloc11collections5btree3setINtB5_8BTreeSetjE12intersectionCsiRk0bvHVOSr_6mpk_vc in libmpk_vc-43a77541129f1733.rlib[248](mpk_vc-43a77541129f1733.ej9z5spna1ktdxdva2tum0u07.19qvrf1.rcgu.o)
                __RNvMsc_NtNtNtCslJsSqIQKwiA_5alloc11collections5btree3setINtB5_8BTreeSetmE12intersectionCsiRk0bvHVOSr_6mpk_vc in libmpk_vc-43a77541129f1733.rlib[248](mpk_vc-43a77541129f1733.ej9z5spna1ktdxdva2tum0u07.19qvrf1.rcgu.o)
            "_anon.05ac1afc09d44defa697539da3af07cd.14.llvm.11192891318264781093", referenced from:
                __RNCNvNtNtNtNtNtCsiRk0bvHVOSr_6mpk_vc26csharp_practical_vir_model17ordinary_carriers11scalar_bits13json_products15boundary_fields7prepares3_0Bd_ in libmpk_vc-43a77541129f1733.rlib[10](mpk_vc-43a77541129f1733.0p2enporh6gezuf53bx1hxgig.19qvrf1.rcgu.o)
                __RNvNtNtNtNtNtCsiRk0bvHVOSr_6mpk_vc26csharp_practical_vir_model17ordinary_carriers11scalar_bits13json_products15boundary_fields13adjust_header in libmpk_vc-43a77541129f1733.rlib[10](mpk_vc-43a77541129f1733.0p2enporh6gezuf53bx1hxgig.19qvrf1.rcgu.o)
                __RNvNtNtNtNtNtNtCsiRk0bvHVOSr_6mpk_vc26csharp_practical_vir_model17ordinary_carriers10structural14source_clauses13control_edges16source_execution6finish in libmpk_vc-43a77541129f1733.rlib[46](mpk_vc-43a77541129f1733.2jedwfnae3st2mv9d5qci3waq.19qvrf1.rcgu.o)
                __RINvXNtCseTcyvaM6R7v_6digest6digestINtNtNtB5_8core_api7wrapper11CoreWrapperINtNtBC_11ct_variable21CtVariableCoreWrapperNtNtCs2hZLKzdcXq7_4sha28core_api13Sha256VarCoreINtNtCsarrMKekzYTA_7typenum4uint4UIntIB2F_IB2F_IB2F_IB2F_IB2F_NtB2H_5UTermNtNtB2J_3bit2B1ENtB3S_2B0EB46_EB46_EB46_EB46_ENtB1X_9OidSha256EENtB3_6Digest6digestINtNtCslJsSqIQKwiA_5alloc3vec3VechEECsiRk0bvHVOSr_6mpk_vc in libmpk_vc-43a77541129f1733.rlib[60](mpk_vc-43a77541129f1733.3frqgzg5rlogye246ppjvfwrz.19qvrf1.rcgu.o)
                __RNvNtNtNtNtNtCsiRk0bvHVOSr_6mpk_vc26csharp_practical_vir_model17ordinary_carriers10structural8literals17boundary_literals52generate_csharp_practical_ordinary_boundary_literals in libmpk_vc-43a77541129f1733.rlib[69](mpk_vc-43a77541129f1733.4ivlx3vp0f5bkp8l2e3zl746c.19qvrf1.rcgu.o)
                __RINvXNtCseTcyvaM6R7v_6digest6digestINtNtNtB5_8core_api7wrapper11CoreWrapperINtNtBC_11ct_variable21CtVariableCoreWrapperNtNtCs2hZLKzdcXq7_4sha28core_api13Sha256VarCoreINtNtCsarrMKekzYTA_7typenum4uint4UIntIB2F_IB2F_IB2F_IB2F_IB2F_NtB2H_5UTermNtNtB2J_3bit2B1ENtB3S_2B0EB46_EB46_EB46_EB46_ENtB1X_9OidSha256EENtB3_6Digest6digestRShECsiRk0bvHVOSr_6mpk_vc in libmpk_vc-43a77541129f1733.rlib[82](mpk_vc-43a77541129f1733.561bpvvvls9m7rfli68jansnr.19qvrf1.rcgu.o)
                __RNvNtNtNtCsiRk0bvHVOSr_6mpk_vc26csharp_practical_vir_model17ordinary_carriers11scalar_bits28emit_circuit_with_block_bits in libmpk_vc-43a77541129f1733.rlib[86](mpk_vc-43a77541129f1733.5i2vu2gmvs7aa08l761ic1hqo.19qvrf1.rcgu.o)
                ...
            "_anon.05ac1afc09d44defa697539da3af07cd.18.llvm.11192891318264781093", referenced from:
                __RNvNtCsiRk0bvHVOSr_6mpk_vc25csharp_practical_vc_model23build_obligation_groups in libmpk_vc-43a77541129f1733.rlib[189](mpk_vc-43a77541129f1733.aq2ocvww74hjkcgiytdxeogz5.19qvrf1.rcgu.o)
            "_anon.05ac1afc09d44defa697539da3af07cd.20.llvm.11192891318264781093", referenced from:
                __RNvNtCsiRk0bvHVOSr_6mpk_vc25csharp_practical_vc_model23build_obligation_groups in libmpk_vc-43a77541129f1733.rlib[189](mpk_vc-43a77541129f1733.aq2ocvww74hjkcgiytdxeogz5.19qvrf1.rcgu.o)
            "_anon.05ac1afc09d44defa697539da3af07cd.5.llvm.11192891318264781093", referenced from:
                __RNCNvNtNtNtNtNtCsiRk0bvHVOSr_6mpk_vc26csharp_practical_vir_model17ordinary_carriers11scalar_bits13json_products15boundary_fields7prepares3_0Bd_ in libmpk_vc-43a77541129f1733.rlib[10](mpk_vc-43a77541129f1733.0p2enporh6gezuf53bx1hxgig.19qvrf1.rcgu.o)
                __RNvNtNtNtNtNtCsiRk0bvHVOSr_6mpk_vc26csharp_practical_vir_model17ordinary_carriers11scalar_bits13json_products15boundary_fields13adjust_header in libmpk_vc-43a77541129f1733.rlib[10](mpk_vc-43a77541129f1733.0p2enporh6gezuf53bx1hxgig.19qvrf1.rcgu.o)
                __RNvNtNtNtNtNtNtCsiRk0bvHVOSr_6mpk_vc26csharp_practical_vir_model17ordinary_carriers10structural14source_clauses13control_edges16source_execution6finish in libmpk_vc-43a77541129f1733.rlib[46](mpk_vc-43a77541129f1733.2jedwfnae3st2mv9d5qci3waq.19qvrf1.rcgu.o)
                __RINvXNtCseTcyvaM6R7v_6digest6digestINtNtNtB5_8core_api7wrapper11CoreWrapperINtNtBC_11ct_variable21CtVariableCoreWrapperNtNtCs2hZLKzdcXq7_4sha28core_api13Sha256VarCoreINtNtCsarrMKekzYTA_7typenum4uint4UIntIB2F_IB2F_IB2F_IB2F_IB2F_NtB2H_5UTermNtNtB2J_3bit2B1ENtB3S_2B0EB46_EB46_EB46_EB46_ENtB1X_9OidSha256EENtB3_6Digest6digestINtNtCslJsSqIQKwiA_5alloc3vec3VechEECsiRk0bvHVOSr_6mpk_vc in libmpk_vc-43a77541129f1733.rlib[60](mpk_vc-43a77541129f1733.3frqgzg5rlogye246ppjvfwrz.19qvrf1.rcgu.o)
                __RNvNtNtNtNtNtCsiRk0bvHVOSr_6mpk_vc26csharp_practical_vir_model17ordinary_carriers10structural8literals17boundary_literals52generate_csharp_practical_ordinary_boundary_literals in libmpk_vc-43a77541129f1733.rlib[69](mpk_vc-43a77541129f1733.4ivlx3vp0f5bkp8l2e3zl746c.19qvrf1.rcgu.o)
                __RINvXNtCseTcyvaM6R7v_6digest6digestINtNtNtB5_8core_api7wrapper11CoreWrapperINtNtBC_11ct_variable21CtVariableCoreWrapperNtNtCs2hZLKzdcXq7_4sha28core_api13Sha256VarCoreINtNtCsarrMKekzYTA_7typenum4uint4UIntIB2F_IB2F_IB2F_IB2F_IB2F_NtB2H_5UTermNtNtB2J_3bit2B1ENtB3S_2B0EB46_EB46_EB46_EB46_ENtB1X_9OidSha256EENtB3_6Digest6digestRShECsiRk0bvHVOSr_6mpk_vc in libmpk_vc-43a77541129f1733.rlib[82](mpk_vc-43a77541129f1733.561bpvvvls9m7rfli68jansnr.19qvrf1.rcgu.o)
                __RNvNtNtNtCsiRk0bvHVOSr_6mpk_vc26csharp_practical_vir_model17ordinary_carriers11scalar_bits28emit_circuit_with_block_bits in libmpk_vc-43a77541129f1733.rlib[86](mpk_vc-43a77541129f1733.5i2vu2gmvs7aa08l761ic1hqo.19qvrf1.rcgu.o)
                ...
            "_anon.14c3986cfe1858e007b2c4ec31f1f309.14.llvm.15118526543005225080", referenced from:
                __RINvNtCsgtPOCBgevO_4core3ptr9drop_glueINtNtNtCslJsSqIQKwiA_5alloc3vec13in_place_drop11InPlaceDropNtNtBH_6string6StringEECsiRk0bvHVOSr_6mpk_vc.llvm.2329284129771524785 in libmpk_vc-43a77541129f1733.rlib[25](mpk_vc-43a77541129f1733.1c55g98mp99ruhkvzv154e84x.19qvrf1.rcgu.o)
                __RINvNtCsgtPOCBgevO_4core3ptr9drop_glueINtNtNtCslJsSqIQKwiA_5alloc3vec13in_place_drop11InPlaceDropNtNtCs5fzGtNe2pyG_10serde_json5value5ValueEECsiRk0bvHVOSr_6mpk_vc.llvm.2329284129771524785 in libmpk_vc-43a77541129f1733.rlib[25](mpk_vc-43a77541129f1733.1c55g98mp99ruhkvzv154e84x.19qvrf1.rcgu.o)
                __RINvNtCsgtPOCBgevO_4core3ptr9drop_glueINtNtNtCslJsSqIQKwiA_5alloc3vec13in_place_drop11InPlaceDropNtNtCsiRk0bvHVOSr_6mpk_vc26csharp_practical_vir_model13TypedValueRefEEB1B_.llvm.2329284129771524785 in libmpk_vc-43a77541129f1733.rlib[25](mpk_vc-43a77541129f1733.1c55g98mp99ruhkvzv154e84x.19qvrf1.rcgu.o)
                __RINvNtCsgtPOCBgevO_4core3ptr9drop_glueINtNtNtCslJsSqIQKwiA_5alloc3vec13in_place_drop11InPlaceDropTNtNtBH_6string6StringNtNtCs5fzGtNe2pyG_10serde_json5value5ValueEEECsiRk0bvHVOSr_6mpk_vc.llvm.2329284129771524785 in libmpk_vc-43a77541129f1733.rlib[25](mpk_vc-43a77541129f1733.1c55g98mp99ruhkvzv154e84x.19qvrf1.rcgu.o)
                __RINvNtCsgtPOCBgevO_4core3ptr9drop_glueINtNtNtCslJsSqIQKwiA_5alloc3vec13in_place_drop11InPlaceDropTNtNtBH_6string6StringNtNtCsiRk0bvHVOSr_6mpk_vc33csharp_practical_source_artifacts18PracticalJsonValueEEEB1X_.llvm.2329284129771524785 in libmpk_vc-43a77541129f1733.rlib[25](mpk_vc-43a77541129f1733.1c55g98mp99ruhkvzv154e84x.19qvrf1.rcgu.o)
                __RINvXs4_NtNtCslJsSqIQKwiA_5alloc3vec9into_iterINtB6_8IntoItermENtNtNtNtCsgtPOCBgevO_4core4iter6traits8iterator8Iterator8try_foldINtNtB8_13in_place_drop11InPlaceDropmENCINvNtNtB15_8adapters3map12map_try_foldmINtNtB17_6result6ResultmNtNtNtCsiRk0bvHVOSr_6mpk_vc26csharp_practical_vir_model17ordinary_carriers20OrdinaryCarrierErrorEB22_INtNtNtB17_3ops12control_flow11ControlFlowIB3k_B22_zEB22_ENCNvMs_NtNtB3J_10structural16ownership_proofsNtB6n_10Normalizer10substitute0NCINvXB2L_INtB2L_12GenericShuntINtB2J_3MapBI_B6g_EIB3k_NtNtB17_7convert10InfallibleB3H_EEBZ_8try_foldB22_NCINvNtB8_16in_place_collect24write_in_place_with_dropmE0B60_E0E0B5k_EB3N_ in libmpk_vc-43a77541129f1733.rlib[25](mpk_vc-43a77541129f1733.1c55g98mp99ruhkvzv154e84x.19qvrf1.rcgu.o)
                __RINvXs4_NtNtCslJsSqIQKwiA_5alloc3vec9into_iterINtB6_8IntoItermENtNtNtNtCsgtPOCBgevO_4core4iter6traits8iterator8Iterator8try_foldINtNtB8_13in_place_drop11InPlaceDropmENCINvNtNtB15_8adapters3map12map_try_foldmINtNtB17_6result6ResultmNtNtNtCsiRk0bvHVOSr_6mpk_vc26csharp_practical_vir_model17ordinary_carriers20OrdinaryCarrierErrorEB22_INtNtNtB17_3ops12control_flow11ControlFlowIB3k_B22_zEB22_ENCNvMs_NtNtB3J_10structural16ownership_proofsNtB6n_10Normalizer5shift0NCINvXB2L_INtB2L_12GenericShuntINtB2J_3MapBI_B6g_EIB3k_NtNtB17_7convert10InfallibleB3H_EEBZ_8try_foldB22_NCINvNtB8_16in_place_collect24write_in_place_with_dropmE0B60_E0E0B5k_EB3N_ in libmpk_vc-43a77541129f1733.rlib[25](mpk_vc-43a77541129f1733.1c55g98mp99ruhkvzv154e84x.19qvrf1.rcgu.o)
                ...
            "_anon.14c3986cfe1858e007b2c4ec31f1f309.24.llvm.15118526543005225080", referenced from:
                __RINvNtCsgtPOCBgevO_4core3ptr9drop_glueINtNtNtCslJsSqIQKwiA_5alloc3vec13in_place_drop11InPlaceDropNtNtBH_6string6StringEECsiRk0bvHVOSr_6mpk_vc.llvm.2329284129771524785 in libmpk_vc-43a77541129f1733.rlib[25](mpk_vc-43a77541129f1733.1c55g98mp99ruhkvzv154e84x.19qvrf1.rcgu.o)
                __RINvNtCsgtPOCBgevO_4core3ptr9drop_glueINtNtNtCslJsSqIQKwiA_5alloc3vec13in_place_drop11InPlaceDropNtNtCs5fzGtNe2pyG_10serde_json5value5ValueEECsiRk0bvHVOSr_6mpk_vc.llvm.2329284129771524785 in libmpk_vc-43a77541129f1733.rlib[25](mpk_vc-43a77541129f1733.1c55g98mp99ruhkvzv154e84x.19qvrf1.rcgu.o)
                __RINvNtCsgtPOCBgevO_4core3ptr9drop_glueINtNtNtCslJsSqIQKwiA_5alloc3vec13in_place_drop11InPlaceDropNtNtCsiRk0bvHVOSr_6mpk_vc26csharp_practical_vir_model13TypedValueRefEEB1B_.llvm.2329284129771524785 in libmpk_vc-43a77541129f1733.rlib[25](mpk_vc-43a77541129f1733.1c55g98mp99ruhkvzv154e84x.19qvrf1.rcgu.o)
                __RINvNtCsgtPOCBgevO_4core3ptr9drop_glueINtNtNtCslJsSqIQKwiA_5alloc3vec13in_place_drop11InPlaceDropTNtNtBH_6string6StringNtNtCs5fzGtNe2pyG_10serde_json5value5ValueEEECsiRk0bvHVOSr_6mpk_vc.llvm.2329284129771524785 in libmpk_vc-43a77541129f1733.rlib[25](mpk_vc-43a77541129f1733.1c55g98mp99ruhkvzv154e84x.19qvrf1.rcgu.o)
                __RINvNtCsgtPOCBgevO_4core3ptr9drop_glueINtNtNtCslJsSqIQKwiA_5alloc3vec13in_place_drop11InPlaceDropTNtNtBH_6string6StringNtNtCsiRk0bvHVOSr_6mpk_vc33csharp_practical_source_artifacts18PracticalJsonValueEEEB1X_.llvm.2329284129771524785 in libmpk_vc-43a77541129f1733.rlib[25](mpk_vc-43a77541129f1733.1c55g98mp99ruhkvzv154e84x.19qvrf1.rcgu.o)
                __RINvXs4_NtNtCslJsSqIQKwiA_5alloc3vec9into_iterINtB6_8IntoItermENtNtNtNtCsgtPOCBgevO_4core4iter6traits8iterator8Iterator8try_foldINtNtB8_13in_place_drop11InPlaceDropmENCINvNtNtB15_8adapters3map12map_try_foldmINtNtB17_6result6ResultmNtNtNtCsiRk0bvHVOSr_6mpk_vc26csharp_practical_vir_model17ordinary_carriers20OrdinaryCarrierErrorEB22_INtNtNtB17_3ops12control_flow11ControlFlowIB3k_B22_zEB22_ENCNvMs_NtNtB3J_10structural16ownership_proofsNtB6n_10Normalizer10substitute0NCINvXB2L_INtB2L_12GenericShuntINtB2J_3MapBI_B6g_EIB3k_NtNtB17_7convert10InfallibleB3H_EEBZ_8try_foldB22_NCINvNtB8_16in_place_collect24write_in_place_with_dropmE0B60_E0E0B5k_EB3N_ in libmpk_vc-43a77541129f1733.rlib[25](mpk_vc-43a77541129f1733.1c55g98mp99ruhkvzv154e84x.19qvrf1.rcgu.o)
                __RINvXs4_NtNtCslJsSqIQKwiA_5alloc3vec9into_iterINtB6_8IntoItermENtNtNtNtCsgtPOCBgevO_4core4iter6traits8iterator8Iterator8try_foldINtNtB8_13in_place_drop11InPlaceDropmENCINvNtNtB15_8adapters3map12map_try_foldmINtNtB17_6result6ResultmNtNtNtCsiRk0bvHVOSr_6mpk_vc26csharp_practical_vir_model17ordinary_carriers20OrdinaryCarrierErrorEB22_INtNtNtB17_3ops12control_flow11ControlFlowIB3k_B22_zEB22_ENCNvMs_NtNtB3J_10structural16ownership_proofsNtB6n_10Normalizer5shift0NCINvXB2L_INtB2L_12GenericShuntINtB2J_3MapBI_B6g_EIB3k_NtNtB17_7convert10InfallibleB3H_EEBZ_8try_foldB22_NCINvNtB8_16in_place_collect24write_in_place_with_dropmE0B60_E0E0B5k_EB3N_ in libmpk_vc-43a77541129f1733.rlib[25](mpk_vc-43a77541129f1733.1c55g98mp99ruhkvzv154e84x.19qvrf1.rcgu.o)
                ...
            "_anon.196facada0fab5686f2f530eabe771ad.15.llvm.9285796270916620309", referenced from:
                __RINvYINtNtNtNtCsgtPOCBgevO_4core4iter8adapters7flatten7FlatMapINtNtNtBc_5slice4iter4IterNtNtNtCsiRk0bvHVOSr_6mpk_vc26csharp_practical_vir_model16handler_lowering13HandlerRegionERINtNtCslJsSqIQKwiA_5alloc3vec3VecNtB1q_13HandlerClauseENCNvMNtNtB1s_13data_emission16control_emissionNtB3Q_7Emitter12control_bodys1o_0ENtNtNtBa_6traits8iterator8Iterator4findNCB3L_s1p_0EB1u_ in libmpk_vc-43a77541129f1733.rlib[137](mpk_vc-43a77541129f1733.8eqh2iwaqlz0zi53zse66t0rf.19qvrf1.rcgu.o)
                __RINvYINtNtNtNtCsgtPOCBgevO_4core4iter8adapters7flatten7FlatMapINtNtNtBc_5slice4iter4IterNtNtNtCsiRk0bvHVOSr_6mpk_vc26csharp_practical_vir_model16handler_lowering13HandlerRegionERINtNtCslJsSqIQKwiA_5alloc3vec3VecNtB1q_13HandlerClauseENCNvMNtNtB1s_13data_emission16control_emissionNtB3Q_7Emitter12control_bodys1o_0ENtNtNtBa_6traits8iterator8Iterator4findNCB3L_s1p_0EB1u_ in libmpk_vc-43a77541129f1733.rlib[137](mpk_vc-43a77541129f1733.8eqh2iwaqlz0zi53zse66t0rf.19qvrf1.rcgu.o)
                __RINvYINtNtNtNtCsgtPOCBgevO_4core4iter8adapters7flatten7FlatMapINtNtNtBc_5slice4iter4IterNtNtNtCsiRk0bvHVOSr_6mpk_vc26csharp_practical_vir_model16handler_lowering13HandlerRegionERINtNtCslJsSqIQKwiA_5alloc3vec3VecNtB1q_13HandlerClauseENCNvMNtNtB1s_13data_emission16control_emissionNtB3Q_7Emitter12control_bodys1o_0ENtNtNtBa_6traits8iterator8Iterator4findNCB3L_s1p_0EB1u_ in libmpk_vc-43a77541129f1733.rlib[137](mpk_vc-43a77541129f1733.8eqh2iwaqlz0zi53zse66t0rf.19qvrf1.rcgu.o)
            "_anon.196facada0fab5686f2f530eabe771ad.16.llvm.9285796270916620309", referenced from:
                __RNvNtNtNtNtCsiRk0bvHVOSr_6mpk_vc26csharp_practical_vir_model13data_emission16control_emission12constructors7prepare in libmpk_vc-43a77541129f1733.rlib[55](mpk_vc-43a77541129f1733.3784p6li7pw0486a567skapa6.19qvrf1.rcgu.o)
            "_anon.1dece6daf149462b50dd1f41fd8ca820.29.llvm.2748543619597779543", referenced from:
                __RNvNtNtNtNtNtCsiRk0bvHVOSr_6mpk_vc26csharp_practical_vir_model17ordinary_carriers10structural9relations20transition_snapshots55generate_csharp_practical_ordinary_transition_snapshots in libmpk_vc-43a77541129f1733.rlib[7](mpk_vc-43a77541129f1733.0e5bcrfv5cyzo0u5klugz5a7y.19qvrf1.rcgu.o)
                __RNvNtNtCsiRk0bvHVOSr_6mpk_vc26csharp_practical_vir_model10data_phase23derive_data_type_routes in libmpk_vc-43a77541129f1733.rlib[14](mpk_vc-43a77541129f1733.0xzk2ujjdyxhv4hbrqiv07pnk.19qvrf1.rcgu.o)
                __RNvNtCsiRk0bvHVOSr_6mpk_vc26csharp_practical_vir_model26compare_monomorphic_values in libmpk_vc-43a77541129f1733.rlib[95](mpk_vc-43a77541129f1733.5v4px5cpkj12ryzon77uxnrjy.19qvrf1.rcgu.o)
                __RNvNtNtCsiRk0bvHVOSr_6mpk_vc26csharp_practical_vir_model13transition_vc8snapshot in libmpk_vc-43a77541129f1733.rlib[160](mpk_vc-43a77541129f1733.9epfql2fdqvzqvs7ggts8kw4e.19qvrf1.rcgu.o)
                __RNvMs_NtNtCsiRk0bvHVOSr_6mpk_vc26csharp_practical_vir_model19ordered_collectionsNtB4_22OrderedCollectionModel3new in libmpk_vc-43a77541129f1733.rlib[247](mpk_vc-43a77541129f1733.ej8h8ttt1z53tneafkbvhzwsw.19qvrf1.rcgu.o)
            "_anon.1dece6daf149462b50dd1f41fd8ca820.68.llvm.2748543619597779543", referenced from:
                __RNvNtNtNtNtNtCsiRk0bvHVOSr_6mpk_vc26csharp_practical_vir_model17ordinary_carriers10structural9relations20transition_snapshots55generate_csharp_practical_ordinary_transition_snapshots in libmpk_vc-43a77541129f1733.rlib[7](mpk_vc-43a77541129f1733.0e5bcrfv5cyzo0u5klugz5a7y.19qvrf1.rcgu.o)
                __RNvNtNtCsiRk0bvHVOSr_6mpk_vc26csharp_practical_vir_model10data_phase23derive_data_type_routes in libmpk_vc-43a77541129f1733.rlib[14](mpk_vc-43a77541129f1733.0xzk2ujjdyxhv4hbrqiv07pnk.19qvrf1.rcgu.o)
                __RNvNtCsiRk0bvHVOSr_6mpk_vc26csharp_practical_vir_model26compare_monomorphic_values in libmpk_vc-43a77541129f1733.rlib[95](mpk_vc-43a77541129f1733.5v4px5cpkj12ryzon77uxnrjy.19qvrf1.rcgu.o)
                __RNvNtNtCsiRk0bvHVOSr_6mpk_vc26csharp_practical_vir_model13transition_vc8snapshot in libmpk_vc-43a77541129f1733.rlib[160](mpk_vc-43a77541129f1733.9epfql2fdqvzqvs7ggts8kw4e.19qvrf1.rcgu.o)
                __RNvMs_NtNtCsiRk0bvHVOSr_6mpk_vc26csharp_practical_vir_model19ordered_collectionsNtB4_22OrderedCollectionModel3new in libmpk_vc-43a77541129f1733.rlib[247](mpk_vc-43a77541129f1733.ej8h8ttt1z53tneafkbvhzwsw.19qvrf1.rcgu.o)
            "_anon.2b16534c8a0c08509d600a675ca0c508.21.llvm.13011538880652059880", referenced from:
                __RNvXs_NtNtNtCsgtPOCBgevO_4core4iter8adapters3zipINtB4_3ZipINtNtB6_6filter6FilterINtNtNtBa_5slice4iter4IterNtNtNtCsiRk0bvHVOSr_6mpk_vc26csharp_practical_vir_model13data_emission4ExprENCNvMNtB1I_16control_emissionNtB1I_7Emitter12control_bodys1f_0EINtNtB6_4skip4SkipIB1h_NtB1K_13TypedValueRefEEENtNtNtB8_6traits8iterator8Iterator4nextB1M_ in libmpk_vc-43a77541129f1733.rlib[137](mpk_vc-43a77541129f1733.8eqh2iwaqlz0zi53zse66t0rf.19qvrf1.rcgu.o)
            "_anon.2b16534c8a0c08509d600a675ca0c508.22.llvm.13011538880652059880", referenced from:
                __RNvMNtNtNtCsiRk0bvHVOSr_6mpk_vc26csharp_practical_vir_model13data_emission16control_emissionNtB4_7Emitter12control_body in libmpk_vc-43a77541129f1733.rlib[137](mpk_vc-43a77541129f1733.8eqh2iwaqlz0zi53zse66t0rf.19qvrf1.rcgu.o)
            "_anon.2b16534c8a0c08509d600a675ca0c508.23.llvm.13011538880652059880", referenced from:
                __RNvMNtNtNtCsiRk0bvHVOSr_6mpk_vc26csharp_practical_vir_model13data_emission16control_emissionNtB4_7Emitter12control_body in libmpk_vc-43a77541129f1733.rlib[137](mpk_vc-43a77541129f1733.8eqh2iwaqlz0zi53zse66t0rf.19qvrf1.rcgu.o)
            "_anon.2b16534c8a0c08509d600a675ca0c508.24.llvm.13011538880652059880", referenced from:
                __RNvMNtNtNtCsiRk0bvHVOSr_6mpk_vc26csharp_practical_vir_model13data_emission16control_emissionNtB4_7Emitter12control_body in libmpk_vc-43a77541129f1733.rlib[137](mpk_vc-43a77541129f1733.8eqh2iwaqlz0zi53zse66t0rf.19qvrf1.rcgu.o)
            "_anon.3ec6662ec4a137359e8a264279d92605.45.llvm.1566097985009344788", referenced from:
                __RINvXs1_NtNtCs5fzGtNe2pyG_10serde_json5value2deINtNtBa_3map3MapNtNtCslJsSqIQKwiA_5alloc6string6StringNtB8_5ValueENtNtCs9ljO6xZjt6Z_10serde_core2de12Deserializer15deserialize_anyNtNvXNvNtCsiRk0bvHVOSr_6mpk_vc26csharp_practical_vir_model1__NtB2W_19DefinitionInventoryNtB1P_11Deserialize11deserialize9___VisitorEB2Y_ in libmpk_vc-43a77541129f1733.rlib[33](mpk_vc-43a77541129f1733.1qb80o8bobue9pmnpf6bua1ay.19qvrf1.rcgu.o)
                __RINvXs1_NtNtCs5fzGtNe2pyG_10serde_json5value2deINtNtBa_3map3MapNtNtCslJsSqIQKwiA_5alloc6string6StringNtB8_5ValueENtNtCs9ljO6xZjt6Z_10serde_core2de12Deserializer15deserialize_anyNtNvXNvNtCsiRk0bvHVOSr_6mpk_vc26csharp_practical_vir_model1__NtB2W_19DefinitionInventoryNtB1P_11Deserialize11deserialize9___VisitorEB2Y_ in libmpk_vc-43a77541129f1733.rlib[33](mpk_vc-43a77541129f1733.1qb80o8bobue9pmnpf6bua1ay.19qvrf1.rcgu.o)
                __RINvXs1_NtNtCs5fzGtNe2pyG_10serde_json5value2deINtNtBa_3map3MapNtNtCslJsSqIQKwiA_5alloc6string6StringNtB8_5ValueENtNtCs9ljO6xZjt6Z_10serde_core2de12Deserializer15deserialize_anyNtNvXNvNtCsiRk0bvHVOSr_6mpk_vc26csharp_practical_vir_model1__NtB2W_19DefinitionInventoryNtB1P_11Deserialize11deserialize9___VisitorEB2Y_ in libmpk_vc-43a77541129f1733.rlib[33](mpk_vc-43a77541129f1733.1qb80o8bobue9pmnpf6bua1ay.19qvrf1.rcgu.o)
                __RINvXs1_NtNtCs5fzGtNe2pyG_10serde_json5value2deINtNtBa_3map3MapNtNtCslJsSqIQKwiA_5alloc6string6StringNtB8_5ValueENtNtCs9ljO6xZjt6Z_10serde_core2de12Deserializer15deserialize_anyNtNvXNvNtCsiRk0bvHVOSr_6mpk_vc26csharp_practical_vir_model1__NtB2W_19DefinitionInventoryNtB1P_11Deserialize11deserialize9___VisitorEB2Y_ in libmpk_vc-43a77541129f1733.rlib[33](mpk_vc-43a77541129f1733.1qb80o8bobue9pmnpf6bua1ay.19qvrf1.rcgu.o)
                __RINvXs1_NtNtCs5fzGtNe2pyG_10serde_json5value2deINtNtBa_3map3MapNtNtCslJsSqIQKwiA_5alloc6string6StringNtB8_5ValueENtNtCs9ljO6xZjt6Z_10serde_core2de12Deserializer15deserialize_anyNtNvXNvNtCsiRk0bvHVOSr_6mpk_vc26csharp_practical_vir_model1__NtB2W_19DefinitionInventoryNtB1P_11Deserialize11deserialize9___VisitorEB2Y_ in libmpk_vc-43a77541129f1733.rlib[33](mpk_vc-43a77541129f1733.1qb80o8bobue9pmnpf6bua1ay.19qvrf1.rcgu.o)
                __RINvXs1_NtNtCs5fzGtNe2pyG_10serde_json5value2deINtNtBa_3map3MapNtNtCslJsSqIQKwiA_5alloc6string6StringNtB8_5ValueENtNtCs9ljO6xZjt6Z_10serde_core2de12Deserializer15deserialize_anyNtNvXNvNtCsiRk0bvHVOSr_6mpk_vc26csharp_practical_vir_model1__NtB2W_19DefinitionInventoryNtB1P_11Deserialize11deserialize9___VisitorEB2Y_ in libmpk_vc-43a77541129f1733.rlib[33](mpk_vc-43a77541129f1733.1qb80o8bobue9pmnpf6bua1ay.19qvrf1.rcgu.o)
                __RINvXs1_NtNtCs5fzGtNe2pyG_10serde_json5value2deINtNtBa_3map3MapNtNtCslJsSqIQKwiA_5alloc6string6StringNtB8_5ValueENtNtCs9ljO6xZjt6Z_10serde_core2de12Deserializer15deserialize_anyNtNvXNvNtCsiRk0bvHVOSr_6mpk_vc26csharp_practical_vir_models0_1__NtB2W_19OperationDefinitionNtB1P_11Deserialize11deserialize9___VisitorEB2Y_ in libmpk_vc-43a77541129f1733.rlib[33](mpk_vc-43a77541129f1733.1qb80o8bobue9pmnpf6bua1ay.19qvrf1.rcgu.o)
                __RINvXs1_NtNtCs5fzGtNe2pyG_10serde_json5value2deINtNtBa_3map3MapNtNtCslJsSqIQKwiA_5alloc6string6StringNtB8_5ValueENtNtCs9ljO6xZjt6Z_10serde_core2de12Deserializer15deserialize_anyNtNvXNvNtCsiRk0bvHVOSr_6mpk_vc26csharp_practical_vir_models0_1__NtB2W_19OperationDefinitionNtB1P_11Deserialize11deserialize9___VisitorEB2Y_ in libmpk_vc-43a77541129f1733.rlib[33](mpk_vc-43a77541129f1733.1qb80o8bobue9pmnpf6bua1ay.19qvrf1.rcgu.o)
                __RINvXs1_NtNtCs5fzGtNe2pyG_10serde_json5value2deINtNtBa_3map3MapNtNtCslJsSqIQKwiA_5alloc6string6StringNtB8_5ValueENtNtCs9ljO6xZjt6Z_10serde_core2de12Deserializer15deserialize_anyNtNvXNvNtCsiRk0bvHVOSr_6mpk_vc26csharp_practical_vir_models0_1__NtB2W_19OperationDefinitionNtB1P_11Deserialize11deserialize9___VisitorEB2Y_ in libmpk_vc-43a77541129f1733.rlib[33](mpk_vc-43a77541129f1733.1qb80o8bobue9pmnpf6bua1ay.19qvrf1.rcgu.o)
                __RINvXs1_NtNtCs5fzGtNe2pyG_10serde_json5value2deINtNtBa_3map3MapNtNtCslJsSqIQKwiA_5alloc6string6StringNtB8_5ValueENtNtCs9ljO6xZjt6Z_10serde_core2de12Deserializer15deserialize_anyNtNvXNvNtCsiRk0bvHVOSr_6mpk_vc26csharp_practical_vir_models0_1__NtB2W_19OperationDefinitionNtB1P_11Deserialize11deserialize9___VisitorEB2Y_ in libmpk_vc-43a77541129f1733.rlib[33](mpk_vc-43a77541129f1733.1qb80o8bobue9pmnpf6bua1ay.19qvrf1.rcgu.o)
                __RINvXs1_NtNtCs5fzGtNe2pyG_10serde_json5value2deINtNtBa_3map3MapNtNtCslJsSqIQKwiA_5alloc6string6StringNtB8_5ValueENtNtCs9ljO6xZjt6Z_10serde_core2de12Deserializer15deserialize_anyNtNvXNvNtCsiRk0bvHVOSr_6mpk_vc26csharp_practical_vir_models0_1__NtB2W_19OperationDefinitionNtB1P_11Deserialize11deserialize9___VisitorEB2Y_ in libmpk_vc-43a77541129f1733.rlib[33](mpk_vc-43a77541129f1733.1qb80o8bobue9pmnpf6bua1ay.19qvrf1.rcgu.o)
                ...
            "_anon.3ec6662ec4a137359e8a264279d92605.49.llvm.1566097985009344788", referenced from:
                __RINvXs1_NtNtCs5fzGtNe2pyG_10serde_json5value2deINtNtBa_3map3MapNtNtCslJsSqIQKwiA_5alloc6string6StringNtB8_5ValueENtNtCs9ljO6xZjt6Z_10serde_core2de12Deserializer15deserialize_anyNtNvXNvNtCsiRk0bvHVOSr_6mpk_vc26csharp_practical_vir_model1__NtB2W_19DefinitionInventoryNtB1P_11Deserialize11deserialize9___VisitorEB2Y_ in libmpk_vc-43a77541129f1733.rlib[33](mpk_vc-43a77541129f1733.1qb80o8bobue9pmnpf6bua1ay.19qvrf1.rcgu.o)
                __RINvXs1_NtNtCs5fzGtNe2pyG_10serde_json5value2deINtNtBa_3map3MapNtNtCslJsSqIQKwiA_5alloc6string6StringNtB8_5ValueENtNtCs9ljO6xZjt6Z_10serde_core2de12Deserializer15deserialize_anyNtNvXNvNtCsiRk0bvHVOSr_6mpk_vc26csharp_practical_vir_model1__NtB2W_19DefinitionInventoryNtB1P_11Deserialize11deserialize9___VisitorEB2Y_ in libmpk_vc-43a77541129f1733.rlib[33](mpk_vc-43a77541129f1733.1qb80o8bobue9pmnpf6bua1ay.19qvrf1.rcgu.o)
                __RINvXs1_NtNtCs5fzGtNe2pyG_10serde_json5value2deINtNtBa_3map3MapNtNtCslJsSqIQKwiA_5alloc6string6StringNtB8_5ValueENtNtCs9ljO6xZjt6Z_10serde_core2de12Deserializer15deserialize_anyNtNvXNvNtCsiRk0bvHVOSr_6mpk_vc26csharp_practical_vir_model1__NtB2W_19DefinitionInventoryNtB1P_11Deserialize11deserialize9___VisitorEB2Y_ in libmpk_vc-43a77541129f1733.rlib[33](mpk_vc-43a77541129f1733.1qb80o8bobue9pmnpf6bua1ay.19qvrf1.rcgu.o)
                __RINvXs1_NtNtCs5fzGtNe2pyG_10serde_json5value2deINtNtBa_3map3MapNtNtCslJsSqIQKwiA_5alloc6string6StringNtB8_5ValueENtNtCs9ljO6xZjt6Z_10serde_core2de12Deserializer15deserialize_anyNtNvXNvNtCsiRk0bvHVOSr_6mpk_vc26csharp_practical_vir_model1__NtB2W_19DefinitionInventoryNtB1P_11Deserialize11deserialize9___VisitorEB2Y_ in libmpk_vc-43a77541129f1733.rlib[33](mpk_vc-43a77541129f1733.1qb80o8bobue9pmnpf6bua1ay.19qvrf1.rcgu.o)
                __RINvXs1_NtNtCs5fzGtNe2pyG_10serde_json5value2deINtNtBa_3map3MapNtNtCslJsSqIQKwiA_5alloc6string6StringNtB8_5ValueENtNtCs9ljO6xZjt6Z_10serde_core2de12Deserializer15deserialize_anyNtNvXNvNtCsiRk0bvHVOSr_6mpk_vc26csharp_practical_vir_model1__NtB2W_19DefinitionInventoryNtB1P_11Deserialize11deserialize9___VisitorEB2Y_ in libmpk_vc-43a77541129f1733.rlib[33](mpk_vc-43a77541129f1733.1qb80o8bobue9pmnpf6bua1ay.19qvrf1.rcgu.o)
                __RINvXs1_NtNtCs5fzGtNe2pyG_10serde_json5value2deINtNtBa_3map3MapNtNtCslJsSqIQKwiA_5alloc6string6StringNtB8_5ValueENtNtCs9ljO6xZjt6Z_10serde_core2de12Deserializer15deserialize_anyNtNvXNvNtCsiRk0bvHVOSr_6mpk_vc26csharp_practical_vir_model1__NtB2W_19DefinitionInventoryNtB1P_11Deserialize11deserialize9___VisitorEB2Y_ in libmpk_vc-43a77541129f1733.rlib[33](mpk_vc-43a77541129f1733.1qb80o8bobue9pmnpf6bua1ay.19qvrf1.rcgu.o)
                __RINvXs1_NtNtCs5fzGtNe2pyG_10serde_json5value2deINtNtBa_3map3MapNtNtCslJsSqIQKwiA_5alloc6string6StringNtB8_5ValueENtNtCs9ljO6xZjt6Z_10serde_core2de12Deserializer15deserialize_anyNtNvXNvNtCsiRk0bvHVOSr_6mpk_vc26csharp_practical_vir_models0_1__NtB2W_19OperationDefinitionNtB1P_11Deserialize11deserialize9___VisitorEB2Y_ in libmpk_vc-43a77541129f1733.rlib[33](mpk_vc-43a77541129f1733.1qb80o8bobue9pmnpf6bua1ay.19qvrf1.rcgu.o)
                __RINvXs1_NtNtCs5fzGtNe2pyG_10serde_json5value2deINtNtBa_3map3MapNtNtCslJsSqIQKwiA_5alloc6string6StringNtB8_5ValueENtNtCs9ljO6xZjt6Z_10serde_core2de12Deserializer15deserialize_anyNtNvXNvNtCsiRk0bvHVOSr_6mpk_vc26csharp_practical_vir_models0_1__NtB2W_19OperationDefinitionNtB1P_11Deserialize11deserialize9___VisitorEB2Y_ in libmpk_vc-43a77541129f1733.rlib[33](mpk_vc-43a77541129f1733.1qb80o8bobue9pmnpf6bua1ay.19qvrf1.rcgu.o)
                __RINvXs1_NtNtCs5fzGtNe2pyG_10serde_json5value2deINtNtBa_3map3MapNtNtCslJsSqIQKwiA_5alloc6string6StringNtB8_5ValueENtNtCs9ljO6xZjt6Z_10serde_core2de12Deserializer15deserialize_anyNtNvXNvNtCsiRk0bvHVOSr_6mpk_vc26csharp_practical_vir_models0_1__NtB2W_19OperationDefinitionNtB1P_11Deserialize11deserialize9___VisitorEB2Y_ in libmpk_vc-43a77541129f1733.rlib[33](mpk_vc-43a77541129f1733.1qb80o8bobue9pmnpf6bua1ay.19qvrf1.rcgu.o)
                __RINvXs1_NtNtCs5fzGtNe2pyG_10serde_json5value2deINtNtBa_3map3MapNtNtCslJsSqIQKwiA_5alloc6string6StringNtB8_5ValueENtNtCs9ljO6xZjt6Z_10serde_core2de12Deserializer15deserialize_anyNtNvXNvNtCsiRk0bvHVOSr_6mpk_vc26csharp_practical_vir_models0_1__NtB2W_19OperationDefinitionNtB1P_11Deserialize11deserialize9___VisitorEB2Y_ in libmpk_vc-43a77541129f1733.rlib[33](mpk_vc-43a77541129f1733.1qb80o8bobue9pmnpf6bua1ay.19qvrf1.rcgu.o)
                __RINvXs1_NtNtCs5fzGtNe2pyG_10serde_json5value2deINtNtBa_3map3MapNtNtCslJsSqIQKwiA_5alloc6string6StringNtB8_5ValueENtNtCs9ljO6xZjt6Z_10serde_core2de12Deserializer15deserialize_anyNtNvXNvNtCsiRk0bvHVOSr_6mpk_vc26csharp_practical_vir_models0_1__NtB2W_19OperationDefinitionNtB1P_11Deserialize11deserialize9___VisitorEB2Y_ in libmpk_vc-43a77541129f1733.rlib[33](mpk_vc-43a77541129f1733.1qb80o8bobue9pmnpf6bua1ay.19qvrf1.rcgu.o)
                ...
            "_anon.404c90a04fc6e814db3875414ae0e361.19.llvm.11216275896395773644", referenced from:
                __RINvXs5_NtCs5fzGtNe2pyG_10serde_json2deQINtB6_12DeserializerNtNtB8_4read7StrReadENtNtCs9ljO6xZjt6Z_10serde_core2de12Deserializer15deserialize_strNtNtB8_3raw15BoxedFromStringECsiRk0bvHVOSr_6mpk_vc in libmpk_vc-43a77541129f1733.rlib[218](mpk_vc-43a77541129f1733.ckr1u73umcn1t5l2ewv39juu8.19qvrf1.rcgu.o)
                __RINvXs5_NtCs5fzGtNe2pyG_10serde_json2deQINtB6_12DeserializerNtNtB8_4read9SliceReadENtNtCs9ljO6xZjt6Z_10serde_core2de12Deserializer15deserialize_strNtNtB8_3raw15BoxedFromStringECsiRk0bvHVOSr_6mpk_vc in libmpk_vc-43a77541129f1733.rlib[218](mpk_vc-43a77541129f1733.ckr1u73umcn1t5l2ewv39juu8.19qvrf1.rcgu.o)
            "_anon.404c90a04fc6e814db3875414ae0e361.52.llvm.11216275896395773644", referenced from:
                __RINvXs5_NtCs5fzGtNe2pyG_10serde_json2deQINtB6_12DeserializerNtNtB8_4read7StrReadENtNtCs9ljO6xZjt6Z_10serde_core2de12Deserializer15deserialize_strNtNtB8_3raw15BoxedFromStringECsiRk0bvHVOSr_6mpk_vc in libmpk_vc-43a77541129f1733.rlib[218](mpk_vc-43a77541129f1733.ckr1u73umcn1t5l2ewv39juu8.19qvrf1.rcgu.o)
                __RINvXs5_NtCs5fzGtNe2pyG_10serde_json2deQINtB6_12DeserializerNtNtB8_4read9SliceReadENtNtCs9ljO6xZjt6Z_10serde_core2de12Deserializer15deserialize_strNtNtB8_3raw15BoxedFromStringECsiRk0bvHVOSr_6mpk_vc in libmpk_vc-43a77541129f1733.rlib[218](mpk_vc-43a77541129f1733.ckr1u73umcn1t5l2ewv39juu8.19qvrf1.rcgu.o)
            "_anon.42af431dea64208f9b403f1367a8b73e.24.llvm.18415771428737326732", referenced from:
                __RNvNtNtNtNtNtCsiRk0bvHVOSr_6mpk_vc26csharp_practical_vir_model17ordinary_carriers10structural9relations12sequence_ops44generate_csharp_practical_ordinary_sequences in libmpk_vc-43a77541129f1733.rlib[115](mpk_vc-43a77541129f1733.7c6lrsxl1ppu2ccn9r024ujlz.19qvrf1.rcgu.o)
                __RNvNtNtNtNtNtCsiRk0bvHVOSr_6mpk_vc26csharp_practical_vir_model17ordinary_carriers10structural9relations9entry_ops42generate_csharp_practical_ordinary_entries in libmpk_vc-43a77541129f1733.rlib[231](mpk_vc-43a77541129f1733.dh3tefvy2je5ba8lpik6l8fre.19qvrf1.rcgu.o)
            "_anon.42af431dea64208f9b403f1367a8b73e.51.llvm.18415771428737326732", referenced from:
                __RNvNtNtNtNtNtCsiRk0bvHVOSr_6mpk_vc26csharp_practical_vir_model17ordinary_carriers10structural9relations12sequence_ops44generate_csharp_practical_ordinary_sequences in libmpk_vc-43a77541129f1733.rlib[115](mpk_vc-43a77541129f1733.7c6lrsxl1ppu2ccn9r024ujlz.19qvrf1.rcgu.o)
            "_anon.42af431dea64208f9b403f1367a8b73e.53.llvm.18415771428737326732", referenced from:
                __RNvNtNtNtNtNtCsiRk0bvHVOSr_6mpk_vc26csharp_practical_vir_model17ordinary_carriers10structural9relations9entry_ops42generate_csharp_practical_ordinary_entries in libmpk_vc-43a77541129f1733.rlib[231](mpk_vc-43a77541129f1733.dh3tefvy2je5ba8lpik6l8fre.19qvrf1.rcgu.o)
            "_anon.43f17297725c57004d112ea6359e0eac.20.llvm.358913832166069894", referenced from:
                __RNvNtNtNtNtNtCsiRk0bvHVOSr_6mpk_vc26csharp_practical_vir_model17ordinary_carriers10structural9relations20transition_snapshots25product_member_definition in libmpk_vc-43a77541129f1733.rlib[7](mpk_vc-43a77541129f1733.0e5bcrfv5cyzo0u5klugz5a7y.19qvrf1.rcgu.o)
                __RNvNtNtNtNtNtCsiRk0bvHVOSr_6mpk_vc26csharp_practical_vir_model17ordinary_carriers10structural14source_clauses13sequence_data48generate_csharp_practical_ordinary_sequence_data in libmpk_vc-43a77541129f1733.rlib[9](mpk_vc-43a77541129f1733.0o3pbw8kvbc328go145icp3fu.19qvrf1.rcgu.o)
                __RNCNvNtCsiRk0bvHVOSr_6mpk_vc33csharp_practical_source_artifacts28validate_contract_root_typess0_0B5_ in libmpk_vc-43a77541129f1733.rlib[13](mpk_vc-43a77541129f1733.0wdv1wicbfgep4bzfb64a8vg9.19qvrf1.rcgu.o)
                __RNvMse_NtCsiRk0bvHVOSr_6mpk_vc33csharp_practical_source_artifactsNtB5_16CapturedInputSet15matches_context in libmpk_vc-43a77541129f1733.rlib[13](mpk_vc-43a77541129f1733.0wdv1wicbfgep4bzfb64a8vg9.19qvrf1.rcgu.o)
                __RNvNtCsiRk0bvHVOSr_6mpk_vc33csharp_practical_source_artifacts20require_exact_fields in libmpk_vc-43a77541129f1733.rlib[13](mpk_vc-43a77541129f1733.0wdv1wicbfgep4bzfb64a8vg9.19qvrf1.rcgu.o)
                __RNvNtCsiRk0bvHVOSr_6mpk_vc33csharp_practical_source_artifacts21ordered_operation_map in libmpk_vc-43a77541129f1733.rlib[13](mpk_vc-43a77541129f1733.0wdv1wicbfgep4bzfb64a8vg9.19qvrf1.rcgu.o)
                __RNvNtCsiRk0bvHVOSr_6mpk_vc33csharp_practical_source_artifacts23capture_original_inputs in libmpk_vc-43a77541129f1733.rlib[13](mpk_vc-43a77541129f1733.0wdv1wicbfgep4bzfb64a8vg9.19qvrf1.rcgu.o)
                ...
            "_anon.43f17297725c57004d112ea6359e0eac.9.llvm.358913832166069894", referenced from:
                __RNvNtNtNtNtNtCsiRk0bvHVOSr_6mpk_vc26csharp_practical_vir_model17ordinary_carriers10structural9relations20transition_snapshots25product_member_definition in libmpk_vc-43a77541129f1733.rlib[7](mpk_vc-43a77541129f1733.0e5bcrfv5cyzo0u5klugz5a7y.19qvrf1.rcgu.o)
                __RNvNtNtNtNtNtCsiRk0bvHVOSr_6mpk_vc26csharp_practical_vir_model17ordinary_carriers10structural14source_clauses13sequence_data48generate_csharp_practical_ordinary_sequence_data in libmpk_vc-43a77541129f1733.rlib[9](mpk_vc-43a77541129f1733.0o3pbw8kvbc328go145icp3fu.19qvrf1.rcgu.o)
                __RNCNvNtCsiRk0bvHVOSr_6mpk_vc33csharp_practical_source_artifacts28validate_contract_root_typess0_0B5_ in libmpk_vc-43a77541129f1733.rlib[13](mpk_vc-43a77541129f1733.0wdv1wicbfgep4bzfb64a8vg9.19qvrf1.rcgu.o)
                __RNvMse_NtCsiRk0bvHVOSr_6mpk_vc33csharp_practical_source_artifactsNtB5_16CapturedInputSet15matches_context in libmpk_vc-43a77541129f1733.rlib[13](mpk_vc-43a77541129f1733.0wdv1wicbfgep4bzfb64a8vg9.19qvrf1.rcgu.o)
                __RNvNtCsiRk0bvHVOSr_6mpk_vc33csharp_practical_source_artifacts20require_exact_fields in libmpk_vc-43a77541129f1733.rlib[13](mpk_vc-43a77541129f1733.0wdv1wicbfgep4bzfb64a8vg9.19qvrf1.rcgu.o)
                __RNvNtCsiRk0bvHVOSr_6mpk_vc33csharp_practical_source_artifacts21ordered_operation_map in libmpk_vc-43a77541129f1733.rlib[13](mpk_vc-43a77541129f1733.0wdv1wicbfgep4bzfb64a8vg9.19qvrf1.rcgu.o)
                __RNvNtCsiRk0bvHVOSr_6mpk_vc33csharp_practical_source_artifacts23capture_original_inputs in libmpk_vc-43a77541129f1733.rlib[13](mpk_vc-43a77541129f1733.0wdv1wicbfgep4bzfb64a8vg9.19qvrf1.rcgu.o)
                ...
            "_anon.47bc79b4b9b2eff43fdabd804a3cf993.53.llvm.14584582585966024630", referenced from:
                __RNvMs_NtNtNtNtNtCsiRk0bvHVOSr_6mpk_vc26csharp_practical_vir_model17ordinary_carriers10structural9relations7domainsNtB4_7Domains2ty in libmpk_vc-43a77541129f1733.rlib[76](mpk_vc-43a77541129f1733.4xh335bkib5t1jwxqzx8098w2.19qvrf1.rcgu.o)
                __RNvNtNtNtNtNtCsiRk0bvHVOSr_6mpk_vc26csharp_practical_vir_model17ordinary_carriers10structural9relations7domains42generate_csharp_practical_ordinary_domains in libmpk_vc-43a77541129f1733.rlib[76](mpk_vc-43a77541129f1733.4xh335bkib5t1jwxqzx8098w2.19qvrf1.rcgu.o)
                __RNvNtNtNtNtNtNtCsiRk0bvHVOSr_6mpk_vc26csharp_practical_vir_model17ordinary_carriers10structural9relations7domains14public_domains15emit_membership in libmpk_vc-43a77541129f1733.rlib[112](mpk_vc-43a77541129f1733.6vs51h2t664o2etc3yhdkuso5.19qvrf1.rcgu.o)
                __RNvNtNtNtNtNtNtCsiRk0bvHVOSr_6mpk_vc26csharp_practical_vir_model17ordinary_carriers10structural9relations7domains14public_domains23emit_default_predicates in libmpk_vc-43a77541129f1733.rlib[112](mpk_vc-43a77541129f1733.6vs51h2t664o2etc3yhdkuso5.19qvrf1.rcgu.o)
            "_anon.4aa00629d8eddedfbbce27a830359baf.1.llvm.553669591874574083", referenced from:
                __RNvXs3_NtNtNtCsgtPOCBgevO_4core4iter8adapters3zipINtB5_3ZipINtNtB7_6cloned6ClonedINtNtNtBb_5slice4iter4IterNtNtCslJsSqIQKwiA_5alloc6string6StringEEINtNtB7_3map3MapIB1i_jENCNvNtNtNtCsiRk0bvHVOSr_6mpk_vc26csharp_practical_vir_model17ordinary_carriers11scalar_bits28emit_circuit_with_block_bitss1_0EEINtB5_7ZipImplBV_B2l_E3newB2S_ in libmpk_vc-43a77541129f1733.rlib[126](mpk_vc-43a77541129f1733.812q1p79jod3oyimiotmzkzwm.19qvrf1.rcgu.o)
            "_anon.4aa00629d8eddedfbbce27a830359baf.4.llvm.553669591874574083", referenced from:
                __RNvXs3_NtNtNtCsgtPOCBgevO_4core4iter8adapters3zipINtB5_3ZipINtNtB7_6cloned6ClonedINtNtNtBb_5slice4iter4IterNtNtCslJsSqIQKwiA_5alloc6string6StringEEINtNtB7_3map3MapIB1i_jENCNvNtNtNtCsiRk0bvHVOSr_6mpk_vc26csharp_practical_vir_model17ordinary_carriers11scalar_bits28emit_circuit_with_block_bitss1_0EEINtB5_7ZipImplBV_B2l_E3newB2S_ in libmpk_vc-43a77541129f1733.rlib[126](mpk_vc-43a77541129f1733.812q1p79jod3oyimiotmzkzwm.19qvrf1.rcgu.o)
            "_anon.4ae8e2e6eba0a549e114e190bbd73970.67.llvm.1722786650591207889", referenced from:
                __RNvNtNtNtNtNtCsiRk0bvHVOSr_6mpk_vc26csharp_practical_vir_model17ordinary_carriers10structural9relations20transition_snapshots55generate_csharp_practical_ordinary_transition_snapshots in libmpk_vc-43a77541129f1733.rlib[7](mpk_vc-43a77541129f1733.0e5bcrfv5cyzo0u5klugz5a7y.19qvrf1.rcgu.o)
                __RNvNtNtNtNtNtCsiRk0bvHVOSr_6mpk_vc26csharp_practical_vir_model17ordinary_carriers10structural9relations20transition_snapshots55generate_csharp_practical_ordinary_transition_snapshots in libmpk_vc-43a77541129f1733.rlib[7](mpk_vc-43a77541129f1733.0e5bcrfv5cyzo0u5klugz5a7y.19qvrf1.rcgu.o)
            "_anon.4ae8e2e6eba0a549e114e190bbd73970.68.llvm.1722786650591207889", referenced from:
                __RNvNtNtNtNtNtCsiRk0bvHVOSr_6mpk_vc26csharp_practical_vir_model17ordinary_carriers10structural9relations20transition_snapshots55generate_csharp_practical_ordinary_transition_snapshots in libmpk_vc-43a77541129f1733.rlib[7](mpk_vc-43a77541129f1733.0e5bcrfv5cyzo0u5klugz5a7y.19qvrf1.rcgu.o)
                __RNvXs1_NtNtNtCsgtPOCBgevO_4core4iter8adapters6filterINtB5_6FilterINtNtNtBb_5slice4iter4IterNtNtNtCsiRk0bvHVOSr_6mpk_vc26csharp_practical_vir_model13transition_vc17TransitionSequentENCNvNtNtNtNtB1v_17ordinary_carriers10structural9relations20transition_snapshots55generate_csharp_practical_ordinary_transition_snapshotss6_0ENtNtNtB9_6traits8iterator8Iterator4nextB1x_ in libmpk_vc-43a77541129f1733.rlib[7](mpk_vc-43a77541129f1733.0e5bcrfv5cyzo0u5klugz5a7y.19qvrf1.rcgu.o)
            "_anon.4e5918265716f7d48231f421eb62b07a.4.llvm.5076326305771253101", referenced from:
                __RNvMs0_NtNtCsiRk0bvHVOSr_6mpk_vc26csharp_practical_vir_model13data_emissionNtB5_7Emitter9statement in libmpk_vc-43a77541129f1733.rlib[137](mpk_vc-43a77541129f1733.8eqh2iwaqlz0zi53zse66t0rf.19qvrf1.rcgu.o)
            "_anon.5289f28c1e658b177145178a22c070f6.1.llvm.11241048773462177868", referenced from:
                __RINvNtNtNtNtNtCsiRk0bvHVOSr_6mpk_vc26csharp_practical_vir_model17ordinary_carriers10structural14source_clauses17construction_data4nameTRNtNtCslJsSqIQKwiA_5alloc6string6StringjEEBc_ in libmpk_vc-43a77541129f1733.rlib[60](mpk_vc-43a77541129f1733.3frqgzg5rlogye246ppjvfwrz.19qvrf1.rcgu.o)
                __RINvNtNtNtNtNtCsiRk0bvHVOSr_6mpk_vc26csharp_practical_vir_model17ordinary_carriers10structural14source_clauses11lifted_data9core_nameTRNtNtCslJsSqIQKwiA_5alloc6string6StringjEEBc_ in libmpk_vc-43a77541129f1733.rlib[92](mpk_vc-43a77541129f1733.5lyw9ktd9e0c4ltkpsm4nv9l7.19qvrf1.rcgu.o)
                __RINvNtNtNtNtNtCsiRk0bvHVOSr_6mpk_vc26csharp_practical_vir_model17ordinary_carriers10structural14source_clauses13sequence_data4nameTRNtNtCslJsSqIQKwiA_5alloc6string6StringjEEBc_ in libmpk_vc-43a77541129f1733.rlib[150](mpk_vc-43a77541129f1733.916bbsapf5l75akpnddihiygo.19qvrf1.rcgu.o)
                __RINvNtNtNtNtCsiRk0bvHVOSr_6mpk_vc26csharp_practical_vir_model17ordinary_carriers10structural19binding_projections5namedTReB1U_mNtNtCslJsSqIQKwiA_5alloc6string6StringEEBa_ in libmpk_vc-43a77541129f1733.rlib[206](mpk_vc-43a77541129f1733.btkzjjedhwao86gmwke9th0ly.19qvrf1.rcgu.o)
                __RINvNtNtNtNtCsiRk0bvHVOSr_6mpk_vc26csharp_practical_vir_model17ordinary_carriers10structural19binding_projections5namedTRemRINtNtCslJsSqIQKwiA_5alloc3vec3VecbEEEBa_ in libmpk_vc-43a77541129f1733.rlib[206](mpk_vc-43a77541129f1733.btkzjjedhwao86gmwke9th0ly.19qvrf1.rcgu.o)
                __RINvNtNtNtNtCsiRk0bvHVOSr_6mpk_vc26csharp_practical_vir_model17ordinary_carriers10structural19binding_projections5namedmEBa_ in libmpk_vc-43a77541129f1733.rlib[206](mpk_vc-43a77541129f1733.btkzjjedhwao86gmwke9th0ly.19qvrf1.rcgu.o)
            "_anon.5289f28c1e658b177145178a22c070f6.12.llvm.11241048773462177868", referenced from:
                __RNvNtNtNtNtCsiRk0bvHVOSr_6mpk_vc26csharp_practical_vir_model13data_emission16control_emission11completions6expand in libmpk_vc-43a77541129f1733.rlib[50](mpk_vc-43a77541129f1733.2tj9jg9dwjng478xhzrkrf6jz.19qvrf1.rcgu.o)
            "_anon.5289f28c1e658b177145178a22c070f6.13.llvm.11241048773462177868", referenced from:
                __RNvNtNtNtNtCsiRk0bvHVOSr_6mpk_vc26csharp_practical_vir_model13data_emission16control_emission11completions6expand in libmpk_vc-43a77541129f1733.rlib[50](mpk_vc-43a77541129f1733.2tj9jg9dwjng478xhzrkrf6jz.19qvrf1.rcgu.o)
            "_anon.651ebdbd9601bc25b906735b3bd0d335.10.llvm.7650570161899954969", referenced from:
                __RNCNvNtNtNtNtNtCsiRk0bvHVOSr_6mpk_vc26csharp_practical_vir_model17ordinary_carriers10structural9relations20transition_snapshots55generate_csharp_practical_ordinary_transition_snapshotssg_0Bd_ in libmpk_vc-43a77541129f1733.rlib[7](mpk_vc-43a77541129f1733.0e5bcrfv5cyzo0u5klugz5a7y.19qvrf1.rcgu.o)
                __RNvNtNtNtNtNtCsiRk0bvHVOSr_6mpk_vc26csharp_practical_vir_model17ordinary_carriers10structural9relations20transition_snapshots11application in libmpk_vc-43a77541129f1733.rlib[7](mpk_vc-43a77541129f1733.0e5bcrfv5cyzo0u5klugz5a7y.19qvrf1.rcgu.o)
                __RNvNtNtNtNtNtCsiRk0bvHVOSr_6mpk_vc26csharp_practical_vir_model17ordinary_carriers10structural9relations20transition_snapshots20collect_applications in libmpk_vc-43a77541129f1733.rlib[7](mpk_vc-43a77541129f1733.0e5bcrfv5cyzo0u5klugz5a7y.19qvrf1.rcgu.o)
                __RNvNtNtNtNtNtCsiRk0bvHVOSr_6mpk_vc26csharp_practical_vir_model17ordinary_carriers10structural9relations20transition_snapshots9member_id in libmpk_vc-43a77541129f1733.rlib[7](mpk_vc-43a77541129f1733.0e5bcrfv5cyzo0u5klugz5a7y.19qvrf1.rcgu.o)
                __RNvNvNtNtNtNtNtCsiRk0bvHVOSr_6mpk_vc26csharp_practical_vir_model17ordinary_carriers10structural9relations20transition_snapshots55generate_csharp_practical_ordinary_transition_snapshots9projected in libmpk_vc-43a77541129f1733.rlib[7](mpk_vc-43a77541129f1733.0e5bcrfv5cyzo0u5klugz5a7y.19qvrf1.rcgu.o)
                __RNvNtNtNtNtNtCsiRk0bvHVOSr_6mpk_vc26csharp_practical_vir_model17ordinary_carriers11scalar_bits13json_products15boundary_fields13adjust_header in libmpk_vc-43a77541129f1733.rlib[10](mpk_vc-43a77541129f1733.0p2enporh6gezuf53bx1hxgig.19qvrf1.rcgu.o)
                __RNvNtNtNtNtNtNtCsiRk0bvHVOSr_6mpk_vc26csharp_practical_vir_model17ordinary_carriers10structural14source_clauses13control_edges10exceptions6append in libmpk_vc-43a77541129f1733.rlib[11](mpk_vc-43a77541129f1733.0sdw9wrgsbdh2qjrtyxaluf37.19qvrf1.rcgu.o)
                ...
            "_anon.651ebdbd9601bc25b906735b3bd0d335.4.llvm.7650570161899954969", referenced from:
                __RNCNvNtNtNtNtNtCsiRk0bvHVOSr_6mpk_vc26csharp_practical_vir_model17ordinary_carriers10structural9relations20transition_snapshots55generate_csharp_practical_ordinary_transition_snapshotssg_0Bd_ in libmpk_vc-43a77541129f1733.rlib[7](mpk_vc-43a77541129f1733.0e5bcrfv5cyzo0u5klugz5a7y.19qvrf1.rcgu.o)
                __RNvNtNtNtNtNtCsiRk0bvHVOSr_6mpk_vc26csharp_practical_vir_model17ordinary_carriers10structural9relations20transition_snapshots11application in libmpk_vc-43a77541129f1733.rlib[7](mpk_vc-43a77541129f1733.0e5bcrfv5cyzo0u5klugz5a7y.19qvrf1.rcgu.o)
                __RNvNtNtNtNtNtCsiRk0bvHVOSr_6mpk_vc26csharp_practical_vir_model17ordinary_carriers10structural9relations20transition_snapshots20collect_applications in libmpk_vc-43a77541129f1733.rlib[7](mpk_vc-43a77541129f1733.0e5bcrfv5cyzo0u5klugz5a7y.19qvrf1.rcgu.o)
                __RNvNtNtNtNtNtCsiRk0bvHVOSr_6mpk_vc26csharp_practical_vir_model17ordinary_carriers10structural9relations20transition_snapshots9member_id in libmpk_vc-43a77541129f1733.rlib[7](mpk_vc-43a77541129f1733.0e5bcrfv5cyzo0u5klugz5a7y.19qvrf1.rcgu.o)
                __RNvNvNtNtNtNtNtCsiRk0bvHVOSr_6mpk_vc26csharp_practical_vir_model17ordinary_carriers10structural9relations20transition_snapshots55generate_csharp_practical_ordinary_transition_snapshots9projected in libmpk_vc-43a77541129f1733.rlib[7](mpk_vc-43a77541129f1733.0e5bcrfv5cyzo0u5klugz5a7y.19qvrf1.rcgu.o)
                __RNvNtNtNtNtNtCsiRk0bvHVOSr_6mpk_vc26csharp_practical_vir_model17ordinary_carriers11scalar_bits13json_products15boundary_fields13adjust_header in libmpk_vc-43a77541129f1733.rlib[10](mpk_vc-43a77541129f1733.0p2enporh6gezuf53bx1hxgig.19qvrf1.rcgu.o)
                __RNvNtNtNtNtNtNtCsiRk0bvHVOSr_6mpk_vc26csharp_practical_vir_model17ordinary_carriers10structural14source_clauses13control_edges10exceptions6append in libmpk_vc-43a77541129f1733.rlib[11](mpk_vc-43a77541129f1733.0sdw9wrgsbdh2qjrtyxaluf37.19qvrf1.rcgu.o)
                ...
            "_anon.651ebdbd9601bc25b906735b3bd0d335.5.llvm.7650570161899954969", referenced from:
                __RINvNtCsgtPOCBgevO_4core3ptr9drop_glueNtNtCsiRk0bvHVOSr_6mpk_vc33csharp_practical_source_artifacts18PracticalJsonValueEBE_ in libmpk_vc-43a77541129f1733.rlib[5](mpk_vc-43a77541129f1733.05fe1yr4wzg0hwt11fm636ro0.19qvrf1.rcgu.o)
                __RNCNvNtNtNtNtNtCsiRk0bvHVOSr_6mpk_vc26csharp_practical_vir_model17ordinary_carriers10structural9relations20transition_snapshots55generate_csharp_practical_ordinary_transition_snapshotssg_0Bd_ in libmpk_vc-43a77541129f1733.rlib[7](mpk_vc-43a77541129f1733.0e5bcrfv5cyzo0u5klugz5a7y.19qvrf1.rcgu.o)
                __RNvNtNtNtNtNtCsiRk0bvHVOSr_6mpk_vc26csharp_practical_vir_model17ordinary_carriers10structural9relations20transition_snapshots11application in libmpk_vc-43a77541129f1733.rlib[7](mpk_vc-43a77541129f1733.0e5bcrfv5cyzo0u5klugz5a7y.19qvrf1.rcgu.o)
                __RNvNtNtNtNtNtCsiRk0bvHVOSr_6mpk_vc26csharp_practical_vir_model17ordinary_carriers10structural9relations20transition_snapshots20collect_applications in libmpk_vc-43a77541129f1733.rlib[7](mpk_vc-43a77541129f1733.0e5bcrfv5cyzo0u5klugz5a7y.19qvrf1.rcgu.o)
                __RNvNtNtNtNtNtCsiRk0bvHVOSr_6mpk_vc26csharp_practical_vir_model17ordinary_carriers10structural9relations20transition_snapshots9member_id in libmpk_vc-43a77541129f1733.rlib[7](mpk_vc-43a77541129f1733.0e5bcrfv5cyzo0u5klugz5a7y.19qvrf1.rcgu.o)
                __RNvNvNtNtNtNtNtCsiRk0bvHVOSr_6mpk_vc26csharp_practical_vir_model17ordinary_carriers10structural9relations20transition_snapshots55generate_csharp_practical_ordinary_transition_snapshots9projected in libmpk_vc-43a77541129f1733.rlib[7](mpk_vc-43a77541129f1733.0e5bcrfv5cyzo0u5klugz5a7y.19qvrf1.rcgu.o)
                __RINvNtCsgtPOCBgevO_4core3ptr9drop_glueNtNtCsiRk0bvHVOSr_6mpk_vc26csharp_practical_vir_model16MonomorphicValueEBE_ in libmpk_vc-43a77541129f1733.rlib[10](mpk_vc-43a77541129f1733.0p2enporh6gezuf53bx1hxgig.19qvrf1.rcgu.o)
                ...
            "_anon.651ebdbd9601bc25b906735b3bd0d335.9.llvm.7650570161899954969", referenced from:
                __RINvNtCsgtPOCBgevO_4core3ptr9drop_glueNtNtCsiRk0bvHVOSr_6mpk_vc33csharp_practical_source_artifacts18PracticalJsonValueEBE_ in libmpk_vc-43a77541129f1733.rlib[5](mpk_vc-43a77541129f1733.05fe1yr4wzg0hwt11fm636ro0.19qvrf1.rcgu.o)
                __RNCNvNtNtNtNtNtCsiRk0bvHVOSr_6mpk_vc26csharp_practical_vir_model17ordinary_carriers10structural9relations20transition_snapshots55generate_csharp_practical_ordinary_transition_snapshotssg_0Bd_ in libmpk_vc-43a77541129f1733.rlib[7](mpk_vc-43a77541129f1733.0e5bcrfv5cyzo0u5klugz5a7y.19qvrf1.rcgu.o)
                __RNvNtNtNtNtNtCsiRk0bvHVOSr_6mpk_vc26csharp_practical_vir_model17ordinary_carriers10structural9relations20transition_snapshots11application in libmpk_vc-43a77541129f1733.rlib[7](mpk_vc-43a77541129f1733.0e5bcrfv5cyzo0u5klugz5a7y.19qvrf1.rcgu.o)
                __RNvNtNtNtNtNtCsiRk0bvHVOSr_6mpk_vc26csharp_practical_vir_model17ordinary_carriers10structural9relations20transition_snapshots20collect_applications in libmpk_vc-43a77541129f1733.rlib[7](mpk_vc-43a77541129f1733.0e5bcrfv5cyzo0u5klugz5a7y.19qvrf1.rcgu.o)
                __RNvNtNtNtNtNtCsiRk0bvHVOSr_6mpk_vc26csharp_practical_vir_model17ordinary_carriers10structural9relations20transition_snapshots9member_id in libmpk_vc-43a77541129f1733.rlib[7](mpk_vc-43a77541129f1733.0e5bcrfv5cyzo0u5klugz5a7y.19qvrf1.rcgu.o)
                __RNvNvNtNtNtNtNtCsiRk0bvHVOSr_6mpk_vc26csharp_practical_vir_model17ordinary_carriers10structural9relations20transition_snapshots55generate_csharp_practical_ordinary_transition_snapshots9projected in libmpk_vc-43a77541129f1733.rlib[7](mpk_vc-43a77541129f1733.0e5bcrfv5cyzo0u5klugz5a7y.19qvrf1.rcgu.o)
                __RINvNtCsgtPOCBgevO_4core3ptr9drop_glueNtNtCsiRk0bvHVOSr_6mpk_vc26csharp_practical_vir_model16MonomorphicValueEBE_ in libmpk_vc-43a77541129f1733.rlib[10](mpk_vc-43a77541129f1733.0p2enporh6gezuf53bx1hxgig.19qvrf1.rcgu.o)
                ...
            "_anon.72549d1a03f52f2513bf517c20cfaac2.3.llvm.12037266737062253525", referenced from:
                __RINvXNvNtNtCsiRk0bvHVOSr_6mpk_vc26csharp_practical_vir_model10control_vc1__NtB5_14ControlBindingNtNtCs9ljO6xZjt6Z_10serde_core3ser9Serialize9serializeQINtNtCs5fzGtNe2pyG_10serde_json3ser10SerializerQINtNtCslJsSqIQKwiA_5alloc3vec3VechEEEB9_ in libmpk_vc-43a77541129f1733.rlib[8](mpk_vc-43a77541129f1733.0n6d8nvzgmz1ugu2nuwp2j5lh.19qvrf1.rcgu.o)
                __RINvXNvNtNtCsiRk0bvHVOSr_6mpk_vc26csharp_practical_vir_model10control_vcs0_1__NtB5_14ControlSequentNtNtCs9ljO6xZjt6Z_10serde_core3ser9Serialize9serializeQINtNtCs5fzGtNe2pyG_10serde_json3ser10SerializerQINtNtCslJsSqIQKwiA_5alloc3vec3VechEEEB9_ in libmpk_vc-43a77541129f1733.rlib[8](mpk_vc-43a77541129f1733.0n6d8nvzgmz1ugu2nuwp2j5lh.19qvrf1.rcgu.o)
                __RINvXNvNtNtCsiRk0bvHVOSr_6mpk_vc26csharp_practical_vir_model10control_vcs1_1__NtB5_15ControlFlowEdgeNtNtCs9ljO6xZjt6Z_10serde_core3ser9Serialize9serializeQINtNtCs5fzGtNe2pyG_10serde_json3ser10SerializerQINtNtCslJsSqIQKwiA_5alloc3vec3VechEEEB9_ in libmpk_vc-43a77541129f1733.rlib[8](mpk_vc-43a77541129f1733.0n6d8nvzgmz1ugu2nuwp2j5lh.19qvrf1.rcgu.o)
                __RINvXNvNtNtCsiRk0bvHVOSr_6mpk_vc26csharp_practical_vir_model10control_vcs2_1__NtB5_19ControlSlotTransferNtNtCs9ljO6xZjt6Z_10serde_core3ser9Serialize9serializeQINtNtCs5fzGtNe2pyG_10serde_json3ser10SerializerQINtNtCslJsSqIQKwiA_5alloc3vec3VechEEEB9_ in libmpk_vc-43a77541129f1733.rlib[8](mpk_vc-43a77541129f1733.0n6d8nvzgmz1ugu2nuwp2j5lh.19qvrf1.rcgu.o)
                __RINvXNvNtNtCsiRk0bvHVOSr_6mpk_vc26csharp_practical_vir_model10control_vcs3_1__NtB5_17ControlFunctionVcNtNtCs9ljO6xZjt6Z_10serde_core3ser9Serialize9serializeQINtNtCs5fzGtNe2pyG_10serde_json3ser10SerializerQINtNtCslJsSqIQKwiA_5alloc3vec3VechEEEB9_ in libmpk_vc-43a77541129f1733.rlib[8](mpk_vc-43a77541129f1733.0n6d8nvzgmz1ugu2nuwp2j5lh.19qvrf1.rcgu.o)
                __RINvXNvNtNtCsiRk0bvHVOSr_6mpk_vc26csharp_practical_vir_model10control_vcs4_1__NtB5_10LoopEdgeVcNtNtCs9ljO6xZjt6Z_10serde_core3ser9Serialize9serializeQINtNtCs5fzGtNe2pyG_10serde_json3ser10SerializerQINtNtCslJsSqIQKwiA_5alloc3vec3VechEEEB9_ in libmpk_vc-43a77541129f1733.rlib[8](mpk_vc-43a77541129f1733.0n6d8nvzgmz1ugu2nuwp2j5lh.19qvrf1.rcgu.o)
                __RINvXNvNtNtCsiRk0bvHVOSr_6mpk_vc26csharp_practical_vir_model10control_vcs5_1__NtB5_6LoopVcNtNtCs9ljO6xZjt6Z_10serde_core3ser9Serialize9serializeQINtNtCs5fzGtNe2pyG_10serde_json3ser10SerializerQINtNtCslJsSqIQKwiA_5alloc3vec3VechEEEB9_ in libmpk_vc-43a77541129f1733.rlib[8](mpk_vc-43a77541129f1733.0n6d8nvzgmz1ugu2nuwp2j5lh.19qvrf1.rcgu.o)
                ...
            "_anon.72549d1a03f52f2513bf517c20cfaac2.81.llvm.12037266737062253525", referenced from:
                __RINvXsd_NtNtNtCslJsSqIQKwiA_5alloc11collections5btree3setINtB6_8BTreeSetRNtNtBc_6string6StringEINtNtNtNtCsgtPOCBgevO_4core4iter6traits7collect12FromIteratorB18_E9from_iterINtNtNtB1E_5slice4iter4IterB19_EECsiRk0bvHVOSr_6mpk_vc in libmpk_vc-43a77541129f1733.rlib[248](mpk_vc-43a77541129f1733.ej9z5spna1ktdxdva2tum0u07.19qvrf1.rcgu.o)
            "_anon.72549d1a03f52f2513bf517c20cfaac2.85.llvm.12037266737062253525", referenced from:
                __RNvMNtNtNtNtCsiRk0bvHVOSr_6mpk_vc26csharp_practical_vir_model17ordinary_carriers11scalar_bits8floatingNtB2_6Format8infinity in libmpk_vc-43a77541129f1733.rlib[211](mpk_vc-43a77541129f1733.c0v02vlgzvkhtgrade835fl1j.19qvrf1.rcgu.o)
                __RNvNtNtNtNtCsiRk0bvHVOSr_6mpk_vc26csharp_practical_vir_model17ordinary_carriers11scalar_bits8floating5parts in libmpk_vc-43a77541129f1733.rlib[211](mpk_vc-43a77541129f1733.c0v02vlgzvkhtgrade835fl1j.19qvrf1.rcgu.o)
                __RINvXsd_NtNtNtCslJsSqIQKwiA_5alloc11collections5btree3setINtB6_8BTreeSetjEINtNtNtNtCsgtPOCBgevO_4core4iter6traits7collect12FromIteratorjE9from_iterINtNtNtB1j_3ops5range5RangejEECsiRk0bvHVOSr_6mpk_vc in libmpk_vc-43a77541129f1733.rlib[248](mpk_vc-43a77541129f1733.ej9z5spna1ktdxdva2tum0u07.19qvrf1.rcgu.o)
            "_anon.72549d1a03f52f2513bf517c20cfaac2.91.llvm.12037266737062253525", referenced from:
                __RINvXsd_NtNtNtCslJsSqIQKwiA_5alloc11collections5btree3setINtB6_8BTreeSetRNtNtBc_6string6StringEINtNtNtNtCsgtPOCBgevO_4core4iter6traits7collect12FromIteratorB18_E9from_iterINtNtNtB1E_5slice4iter4IterB19_EECsiRk0bvHVOSr_6mpk_vc in libmpk_vc-43a77541129f1733.rlib[248](mpk_vc-43a77541129f1733.ej9z5spna1ktdxdva2tum0u07.19qvrf1.rcgu.o)
            "_anon.72549d1a03f52f2513bf517c20cfaac2.95.llvm.12037266737062253525", referenced from:
                __RINvXNvNtNtCsiRk0bvHVOSr_6mpk_vc26csharp_practical_vir_model10control_vc1__NtB5_14ControlBindingNtNtCs9ljO6xZjt6Z_10serde_core3ser9Serialize9serializeQINtNtCs5fzGtNe2pyG_10serde_json3ser10SerializerQINtNtCslJsSqIQKwiA_5alloc3vec3VechEEEB9_ in libmpk_vc-43a77541129f1733.rlib[8](mpk_vc-43a77541129f1733.0n6d8nvzgmz1ugu2nuwp2j5lh.19qvrf1.rcgu.o)
                __RINvXNvNtNtCsiRk0bvHVOSr_6mpk_vc26csharp_practical_vir_model10control_vcs0_1__NtB5_14ControlSequentNtNtCs9ljO6xZjt6Z_10serde_core3ser9Serialize9serializeQINtNtCs5fzGtNe2pyG_10serde_json3ser10SerializerQINtNtCslJsSqIQKwiA_5alloc3vec3VechEEEB9_ in libmpk_vc-43a77541129f1733.rlib[8](mpk_vc-43a77541129f1733.0n6d8nvzgmz1ugu2nuwp2j5lh.19qvrf1.rcgu.o)
                __RINvXNvNtNtCsiRk0bvHVOSr_6mpk_vc26csharp_practical_vir_model10control_vcs1_1__NtB5_15ControlFlowEdgeNtNtCs9ljO6xZjt6Z_10serde_core3ser9Serialize9serializeQINtNtCs5fzGtNe2pyG_10serde_json3ser10SerializerQINtNtCslJsSqIQKwiA_5alloc3vec3VechEEEB9_ in libmpk_vc-43a77541129f1733.rlib[8](mpk_vc-43a77541129f1733.0n6d8nvzgmz1ugu2nuwp2j5lh.19qvrf1.rcgu.o)
                __RINvXNvNtNtCsiRk0bvHVOSr_6mpk_vc26csharp_practical_vir_model10control_vcs2_1__NtB5_19ControlSlotTransferNtNtCs9ljO6xZjt6Z_10serde_core3ser9Serialize9serializeQINtNtCs5fzGtNe2pyG_10serde_json3ser10SerializerQINtNtCslJsSqIQKwiA_5alloc3vec3VechEEEB9_ in libmpk_vc-43a77541129f1733.rlib[8](mpk_vc-43a77541129f1733.0n6d8nvzgmz1ugu2nuwp2j5lh.19qvrf1.rcgu.o)
                __RINvXNvNtNtCsiRk0bvHVOSr_6mpk_vc26csharp_practical_vir_model10control_vcs3_1__NtB5_17ControlFunctionVcNtNtCs9ljO6xZjt6Z_10serde_core3ser9Serialize9serializeQINtNtCs5fzGtNe2pyG_10serde_json3ser10SerializerQINtNtCslJsSqIQKwiA_5alloc3vec3VechEEEB9_ in libmpk_vc-43a77541129f1733.rlib[8](mpk_vc-43a77541129f1733.0n6d8nvzgmz1ugu2nuwp2j5lh.19qvrf1.rcgu.o)
                __RINvXNvNtNtCsiRk0bvHVOSr_6mpk_vc26csharp_practical_vir_model10control_vcs4_1__NtB5_10LoopEdgeVcNtNtCs9ljO6xZjt6Z_10serde_core3ser9Serialize9serializeQINtNtCs5fzGtNe2pyG_10serde_json3ser10SerializerQINtNtCslJsSqIQKwiA_5alloc3vec3VechEEEB9_ in libmpk_vc-43a77541129f1733.rlib[8](mpk_vc-43a77541129f1733.0n6d8nvzgmz1ugu2nuwp2j5lh.19qvrf1.rcgu.o)
                __RINvXNvNtNtCsiRk0bvHVOSr_6mpk_vc26csharp_practical_vir_model10control_vcs5_1__NtB5_6LoopVcNtNtCs9ljO6xZjt6Z_10serde_core3ser9Serialize9serializeQINtNtCs5fzGtNe2pyG_10serde_json3ser10SerializerQINtNtCslJsSqIQKwiA_5alloc3vec3VechEEEB9_ in libmpk_vc-43a77541129f1733.rlib[8](mpk_vc-43a77541129f1733.0n6d8nvzgmz1ugu2nuwp2j5lh.19qvrf1.rcgu.o)
                ...
            "_anon.72549d1a03f52f2513bf517c20cfaac2.97.llvm.12037266737062253525", referenced from:
                __RNvMNtNtNtNtCsiRk0bvHVOSr_6mpk_vc26csharp_practical_vir_model17ordinary_carriers11scalar_bits8floatingNtB2_6Format8infinity in libmpk_vc-43a77541129f1733.rlib[211](mpk_vc-43a77541129f1733.c0v02vlgzvkhtgrade835fl1j.19qvrf1.rcgu.o)
                __RNvNtNtNtNtCsiRk0bvHVOSr_6mpk_vc26csharp_practical_vir_model17ordinary_carriers11scalar_bits8floating5parts in libmpk_vc-43a77541129f1733.rlib[211](mpk_vc-43a77541129f1733.c0v02vlgzvkhtgrade835fl1j.19qvrf1.rcgu.o)
                __RINvXsd_NtNtNtCslJsSqIQKwiA_5alloc11collections5btree3setINtB6_8BTreeSetjEINtNtNtNtCsgtPOCBgevO_4core4iter6traits7collect12FromIteratorjE9from_iterINtNtNtB1j_3ops5range5RangejEECsiRk0bvHVOSr_6mpk_vc in libmpk_vc-43a77541129f1733.rlib[248](mpk_vc-43a77541129f1733.ej9z5spna1ktdxdva2tum0u07.19qvrf1.rcgu.o)
            "_anon.8fd7be690538dd1ab44d0f128891e113.1.llvm.4703169293084644866", referenced from:
                __RINvXs2_NtNtCs5fzGtNe2pyG_10serde_json5value2deNtB8_5ValueNtNtCs9ljO6xZjt6Z_10serde_core2de12Deserializer15deserialize_u64NtNvXs17_NtBW_5implsyNtBW_11Deserialize11deserialize16PrimitiveVisitorECsiRk0bvHVOSr_6mpk_vc in libmpk_vc-43a77541129f1733.rlib[163](mpk_vc-43a77541129f1733.9he6r6j7bjv2t8015ttgr524y.19qvrf1.rcgu.o)
            "_anon.8fd7be690538dd1ab44d0f128891e113.2.llvm.4703169293084644866", referenced from:
                __RINvXs2_NtNtCs5fzGtNe2pyG_10serde_json5value2deNtB8_5ValueNtNtCs9ljO6xZjt6Z_10serde_core2de12Deserializer15deserialize_u64NtNvXs1a_NtBW_5implsjNtBW_11Deserialize11deserialize16PrimitiveVisitorECsiRk0bvHVOSr_6mpk_vc in libmpk_vc-43a77541129f1733.rlib[163](mpk_vc-43a77541129f1733.9he6r6j7bjv2t8015ttgr524y.19qvrf1.rcgu.o)
            "_anon.9bb95dfddf43a5f7e24528470e1bc50a.17.llvm.11001110051245446107", referenced from:
                __RINvXNvXsh_NtNtCs9ljO6xZjt6Z_10serde_core2de5implsINtNtCslJsSqIQKwiA_5alloc3vec3VecpENtBb_11Deserialize11deserializeINtB3_10VecVisitorNtNtNtCsiRk0bvHVOSr_6mpk_vc26csharp_practical_vir_model14loop_contracts6MethodENtBb_7Visitor9visit_seqINtNtCs5fzGtNe2pyG_10serde_json2de9SeqAccessNtNtB3R_4read9SliceReadEEB2e_ in libmpk_vc-43a77541129f1733.rlib[166](mpk_vc-43a77541129f1733.9ldg68757ugja7p2kyucndlft.19qvrf1.rcgu.o)
            "_anon.9bb95dfddf43a5f7e24528470e1bc50a.18.llvm.11001110051245446107", referenced from:
                __RINvXNvXsh_NtNtCs9ljO6xZjt6Z_10serde_core2de5implsINtNtCslJsSqIQKwiA_5alloc3vec3VecpENtBb_11Deserialize11deserializeINtB3_10VecVisitorNtNtNtCsiRk0bvHVOSr_6mpk_vc26csharp_practical_vir_model14loop_contracts7BindingENtBb_7Visitor9visit_seqINtNtCs5fzGtNe2pyG_10serde_json2de9SeqAccessNtNtB3S_4read9SliceReadEEB2e_ in libmpk_vc-43a77541129f1733.rlib[166](mpk_vc-43a77541129f1733.9ldg68757ugja7p2kyucndlft.19qvrf1.rcgu.o)
            "_anon.9bb95dfddf43a5f7e24528470e1bc50a.19.llvm.11001110051245446107", referenced from:
                __RINvXs5_NtCs5fzGtNe2pyG_10serde_json2deQINtB6_12DeserializerNtNtB8_4read9SliceReadENtNtCs9ljO6xZjt6Z_10serde_core2de12Deserializer18deserialize_structNtNvXNvNtNtCsiRk0bvHVOSr_6mpk_vc26csharp_practical_vir_model14loop_contractss1_1__NtB2v_7BindingNtB1l_11Deserialize11deserialize9___VisitorEB2z_ in libmpk_vc-43a77541129f1733.rlib[218](mpk_vc-43a77541129f1733.ckr1u73umcn1t5l2ewv39juu8.19qvrf1.rcgu.o)
            "_anon.9bb95dfddf43a5f7e24528470e1bc50a.20.llvm.11001110051245446107", referenced from:
                __RINvXs5_NtCs5fzGtNe2pyG_10serde_json2deQINtB6_12DeserializerNtNtB8_4read9SliceReadENtNtCs9ljO6xZjt6Z_10serde_core2de12Deserializer18deserialize_structNtNvXNvNtNtCsiRk0bvHVOSr_6mpk_vc26csharp_practical_vir_model14loop_contractss1_1__NtB2v_7BindingNtB1l_11Deserialize11deserialize9___VisitorEB2z_ in libmpk_vc-43a77541129f1733.rlib[218](mpk_vc-43a77541129f1733.ckr1u73umcn1t5l2ewv39juu8.19qvrf1.rcgu.o)
            "_anon.9bb95dfddf43a5f7e24528470e1bc50a.21.llvm.11001110051245446107", referenced from:
                __RINvXNvXsh_NtNtCs9ljO6xZjt6Z_10serde_core2de5implsINtNtCslJsSqIQKwiA_5alloc3vec3VecpENtBb_11Deserialize11deserializeINtB3_10VecVisitorNtNtNtCsiRk0bvHVOSr_6mpk_vc26csharp_practical_vir_model14loop_contracts7BindingENtBb_7Visitor9visit_seqINtNtCs5fzGtNe2pyG_10serde_json2de9SeqAccessNtNtB3S_4read9SliceReadEEB2e_ in libmpk_vc-43a77541129f1733.rlib[166](mpk_vc-43a77541129f1733.9ldg68757ugja7p2kyucndlft.19qvrf1.rcgu.o)
                __RINvXs5_NtCs5fzGtNe2pyG_10serde_json2deQINtB6_12DeserializerNtNtB8_4read9SliceReadENtNtCs9ljO6xZjt6Z_10serde_core2de12Deserializer18deserialize_structNtNvXNvNtNtCsiRk0bvHVOSr_6mpk_vc26csharp_practical_vir_model14loop_contractss1_1__NtB2v_7BindingNtB1l_11Deserialize11deserialize9___VisitorEB2z_ in libmpk_vc-43a77541129f1733.rlib[218](mpk_vc-43a77541129f1733.ckr1u73umcn1t5l2ewv39juu8.19qvrf1.rcgu.o)
            "_anon.9bb95dfddf43a5f7e24528470e1bc50a.22.llvm.11001110051245446107", referenced from:
                __RINvXNvXsh_NtNtCs9ljO6xZjt6Z_10serde_core2de5implsINtNtCslJsSqIQKwiA_5alloc3vec3VecpENtBb_11Deserialize11deserializeINtB3_10VecVisitorNtNtNtCsiRk0bvHVOSr_6mpk_vc26csharp_practical_vir_model14loop_contracts4LoopENtBb_7Visitor9visit_seqINtNtCs5fzGtNe2pyG_10serde_json2de9SeqAccessNtNtB3P_4read9SliceReadEEB2e_ in libmpk_vc-43a77541129f1733.rlib[166](mpk_vc-43a77541129f1733.9ldg68757ugja7p2kyucndlft.19qvrf1.rcgu.o)
            "_anon.9bb95dfddf43a5f7e24528470e1bc50a.31.llvm.11001110051245446107", referenced from:
                __RINvXNvXsh_NtNtCs9ljO6xZjt6Z_10serde_core2de5implsINtNtCslJsSqIQKwiA_5alloc3vec3VecpENtBb_11Deserialize11deserializeINtB3_10VecVisitorNtNtNtCsiRk0bvHVOSr_6mpk_vc26csharp_practical_vir_model14loop_contracts4LoopENtBb_7Visitor9visit_seqINtNtCs5fzGtNe2pyG_10serde_json2de9SeqAccessNtNtB3P_4read9SliceReadEEB2e_ in libmpk_vc-43a77541129f1733.rlib[166](mpk_vc-43a77541129f1733.9ldg68757ugja7p2kyucndlft.19qvrf1.rcgu.o)
            "_anon.9bb95dfddf43a5f7e24528470e1bc50a.32.llvm.11001110051245446107", referenced from:
                __RINvXNvXsh_NtNtCs9ljO6xZjt6Z_10serde_core2de5implsINtNtCslJsSqIQKwiA_5alloc3vec3VecpENtBb_11Deserialize11deserializeINtB3_10VecVisitorNtNtNtCsiRk0bvHVOSr_6mpk_vc26csharp_practical_vir_model14loop_contracts8LoopExitENtBb_7Visitor9visit_seqINtNtCs5fzGtNe2pyG_10serde_json2de9SeqAccessNtNtB3T_4read9SliceReadEEB2e_ in libmpk_vc-43a77541129f1733.rlib[166](mpk_vc-43a77541129f1733.9ldg68757ugja7p2kyucndlft.19qvrf1.rcgu.o)
            "_anon.9bb95dfddf43a5f7e24528470e1bc50a.34.llvm.11001110051245446107", referenced from:
                __RINvXNvXsh_NtNtCs9ljO6xZjt6Z_10serde_core2de5implsINtNtCslJsSqIQKwiA_5alloc3vec3VecpENtBb_11Deserialize11deserializeINtB3_10VecVisitorNtNtNtCsiRk0bvHVOSr_6mpk_vc26csharp_practical_vir_model14loop_contracts8LoopExitENtBb_7Visitor9visit_seqINtNtCs5fzGtNe2pyG_10serde_json2de9SeqAccessNtNtB3T_4read9SliceReadEEB2e_ in libmpk_vc-43a77541129f1733.rlib[166](mpk_vc-43a77541129f1733.9ldg68757ugja7p2kyucndlft.19qvrf1.rcgu.o)
            "_anon.9bb95dfddf43a5f7e24528470e1bc50a.35.llvm.11001110051245446107", referenced from:
                __RINvXNvXsh_NtNtCs9ljO6xZjt6Z_10serde_core2de5implsINtNtCslJsSqIQKwiA_5alloc3vec3VecpENtBb_11Deserialize11deserializeINtB3_10VecVisitorNtNtNtCsiRk0bvHVOSr_6mpk_vc26csharp_practical_vir_model14loop_contracts19LoopArrayAllocationENtBb_7Visitor9visit_seqINtNtCs5fzGtNe2pyG_10serde_json2de9SeqAccessNtNtB45_4read9SliceReadEEB2e_ in libmpk_vc-43a77541129f1733.rlib[166](mpk_vc-43a77541129f1733.9ldg68757ugja7p2kyucndlft.19qvrf1.rcgu.o)
            "_anon.9bb95dfddf43a5f7e24528470e1bc50a.40.llvm.11001110051245446107", referenced from:
                __RINvXNvXsh_NtNtCs9ljO6xZjt6Z_10serde_core2de5implsINtNtCslJsSqIQKwiA_5alloc3vec3VecpENtBb_11Deserialize11deserializeINtB3_10VecVisitorNtNtNtCsiRk0bvHVOSr_6mpk_vc26csharp_practical_vir_model14loop_contracts19LoopArrayAllocationENtBb_7Visitor9visit_seqINtNtCs5fzGtNe2pyG_10serde_json2de9SeqAccessNtNtB45_4read9SliceReadEEB2e_ in libmpk_vc-43a77541129f1733.rlib[166](mpk_vc-43a77541129f1733.9ldg68757ugja7p2kyucndlft.19qvrf1.rcgu.o)
            "_anon.9bb95dfddf43a5f7e24528470e1bc50a.41.llvm.11001110051245446107", referenced from:
                __RINvXNvXsh_NtNtCs9ljO6xZjt6Z_10serde_core2de5implsINtNtCslJsSqIQKwiA_5alloc3vec3VecpENtBb_11Deserialize11deserializeINtB3_10VecVisitorNtNtNtCsiRk0bvHVOSr_6mpk_vc26csharp_practical_vir_model14loop_contracts10SourceFileENtBb_7Visitor9visit_seqINtNtCs5fzGtNe2pyG_10serde_json2de9SeqAccessNtNtB3W_4read9SliceReadEEB2e_ in libmpk_vc-43a77541129f1733.rlib[166](mpk_vc-43a77541129f1733.9ldg68757ugja7p2kyucndlft.19qvrf1.rcgu.o)
            "_anon.9bb95dfddf43a5f7e24528470e1bc50a.42.llvm.11001110051245446107", referenced from:
                __RINvXs5_NtCs5fzGtNe2pyG_10serde_json2deQINtB6_12DeserializerNtNtB8_4read9SliceReadENtNtCs9ljO6xZjt6Z_10serde_core2de12Deserializer18deserialize_structNtNvXNvNtNtCsiRk0bvHVOSr_6mpk_vc26csharp_practical_vir_model14loop_contractss_1__NtB2v_10SourceFileNtB1l_11Deserialize11deserialize9___VisitorEB2z_ in libmpk_vc-43a77541129f1733.rlib[218](mpk_vc-43a77541129f1733.ckr1u73umcn1t5l2ewv39juu8.19qvrf1.rcgu.o)
            "_anon.9bb95dfddf43a5f7e24528470e1bc50a.43.llvm.11001110051245446107", referenced from:
                __RINvXs5_NtCs5fzGtNe2pyG_10serde_json2deQINtB6_12DeserializerNtNtB8_4read9SliceReadENtNtCs9ljO6xZjt6Z_10serde_core2de12Deserializer18deserialize_structNtNvXNvNtNtCsiRk0bvHVOSr_6mpk_vc26csharp_practical_vir_model14loop_contractss_1__NtB2v_10SourceFileNtB1l_11Deserialize11deserialize9___VisitorEB2z_ in libmpk_vc-43a77541129f1733.rlib[218](mpk_vc-43a77541129f1733.ckr1u73umcn1t5l2ewv39juu8.19qvrf1.rcgu.o)
            "_anon.9bb95dfddf43a5f7e24528470e1bc50a.44.llvm.11001110051245446107", referenced from:
                __RINvXNvXsh_NtNtCs9ljO6xZjt6Z_10serde_core2de5implsINtNtCslJsSqIQKwiA_5alloc3vec3VecpENtBb_11Deserialize11deserializeINtB3_10VecVisitorNtNtNtCsiRk0bvHVOSr_6mpk_vc26csharp_practical_vir_model14loop_contracts10SourceFileENtBb_7Visitor9visit_seqINtNtCs5fzGtNe2pyG_10serde_json2de9SeqAccessNtNtB3W_4read9SliceReadEEB2e_ in libmpk_vc-43a77541129f1733.rlib[166](mpk_vc-43a77541129f1733.9ldg68757ugja7p2kyucndlft.19qvrf1.rcgu.o)
                __RINvXs5_NtCs5fzGtNe2pyG_10serde_json2deQINtB6_12DeserializerNtNtB8_4read9SliceReadENtNtCs9ljO6xZjt6Z_10serde_core2de12Deserializer18deserialize_structNtNvXNvNtNtCsiRk0bvHVOSr_6mpk_vc26csharp_practical_vir_model14loop_contractss_1__NtB2v_10SourceFileNtB1l_11Deserialize11deserialize9___VisitorEB2z_ in libmpk_vc-43a77541129f1733.rlib[218](mpk_vc-43a77541129f1733.ckr1u73umcn1t5l2ewv39juu8.19qvrf1.rcgu.o)
            "_anon.9bb95dfddf43a5f7e24528470e1bc50a.47.llvm.11001110051245446107", referenced from:
                __RNvXs1_NtNtNtCsgtPOCBgevO_4core4iter8adapters6filterINtB5_6FilterINtNtNtBb_5slice4iter4IterNtNtCsiRk0bvHVOSr_6mpk_vc33csharp_practical_source_artifacts26ValidatedPracticalArtifactENCNvNtNtB1v_26csharp_practical_vir_model14loop_contracts22prepare_loop_contractssj_0ENtNtNtB9_6traits8iterator8Iterator4nextB1v_ in libmpk_vc-43a77541129f1733.rlib[5](mpk_vc-43a77541129f1733.05fe1yr4wzg0hwt11fm636ro0.19qvrf1.rcgu.o)
            "_anon.9bb95dfddf43a5f7e24528470e1bc50a.6.llvm.11001110051245446107", referenced from:
                __RINvXNvXsh_NtNtCs9ljO6xZjt6Z_10serde_core2de5implsINtNtCslJsSqIQKwiA_5alloc3vec3VecpENtBb_11Deserialize11deserializeINtB3_10VecVisitorNtNtNtCsiRk0bvHVOSr_6mpk_vc26csharp_practical_vir_model14loop_contracts6MethodENtBb_7Visitor9visit_seqINtNtCs5fzGtNe2pyG_10serde_json2de9SeqAccessNtNtB3R_4read9SliceReadEEB2e_ in libmpk_vc-43a77541129f1733.rlib[166](mpk_vc-43a77541129f1733.9ldg68757ugja7p2kyucndlft.19qvrf1.rcgu.o)
            "_anon.9ddbb25ba5d834db370f1fdc1c42def2.43.llvm.2191265089298782839", referenced from:
                __RNvNtNtNtNtCsiRk0bvHVOSr_6mpk_vc26csharp_practical_vir_model17ordinary_carriers10structural16construction_ops16emit_definitions in libmpk_vc-43a77541129f1733.rlib[63](mpk_vc-43a77541129f1733.3p5tepjg21jz173tu27jwlcaz.19qvrf1.rcgu.o)
                __RNvNtNtNtNtNtNtCsiRk0bvHVOSr_6mpk_vc26csharp_practical_vir_model17ordinary_carriers10structural9relations7domains14collection_ops46generate_csharp_practical_ordinary_collections in libmpk_vc-43a77541129f1733.rlib[147](mpk_vc-43a77541129f1733.8vadt1689r6ftqpurp4a5xf12.19qvrf1.rcgu.o)
                __RNvNtNtNtNtNtCsiRk0bvHVOSr_6mpk_vc26csharp_practical_vir_model17ordinary_carriers10structural9relations14transition_ops56generate_csharp_practical_ordinary_transition_operations in libmpk_vc-43a77541129f1733.rlib[192](mpk_vc-43a77541129f1733.asna1vmo0f944pt96ipl4p33a.19qvrf1.rcgu.o)
            "_anon.9ddbb25ba5d834db370f1fdc1c42def2.45.llvm.2191265089298782839", referenced from:
                __RNvNtNtNtNtCsiRk0bvHVOSr_6mpk_vc26csharp_practical_vir_model17ordinary_carriers10structural16construction_ops16emit_definitions in libmpk_vc-43a77541129f1733.rlib[63](mpk_vc-43a77541129f1733.3p5tepjg21jz173tu27jwlcaz.19qvrf1.rcgu.o)
            "_anon.9ddbb25ba5d834db370f1fdc1c42def2.47.llvm.2191265089298782839", referenced from:
                __RNvNtNtNtNtNtCsiRk0bvHVOSr_6mpk_vc26csharp_practical_vir_model17ordinary_carriers10structural9relations14transition_ops56generate_csharp_practical_ordinary_transition_operations in libmpk_vc-43a77541129f1733.rlib[192](mpk_vc-43a77541129f1733.asna1vmo0f944pt96ipl4p33a.19qvrf1.rcgu.o)
            "_anon.9ddbb25ba5d834db370f1fdc1c42def2.52.llvm.2191265089298782839", referenced from:
                __RNvNtNtNtNtNtNtCsiRk0bvHVOSr_6mpk_vc26csharp_practical_vir_model17ordinary_carriers10structural9relations7domains14collection_ops46generate_csharp_practical_ordinary_collections in libmpk_vc-43a77541129f1733.rlib[147](mpk_vc-43a77541129f1733.8vadt1689r6ftqpurp4a5xf12.19qvrf1.rcgu.o)
            "_anon.9ddbb25ba5d834db370f1fdc1c42def2.53.llvm.2191265089298782839", referenced from:
                __RNvNtNtNtNtNtNtCsiRk0bvHVOSr_6mpk_vc26csharp_practical_vir_model17ordinary_carriers10structural9relations7domains14collection_ops46generate_csharp_practical_ordinary_collections in libmpk_vc-43a77541129f1733.rlib[147](mpk_vc-43a77541129f1733.8vadt1689r6ftqpurp4a5xf12.19qvrf1.rcgu.o)
            "_anon.c617c55d83dacd46ea043541bf17a54e.0.llvm.3043860241516106648", referenced from:
                __RINvXNvXsh_NtNtCs9ljO6xZjt6Z_10serde_core2de5implsINtNtCslJsSqIQKwiA_5alloc3vec3VecpENtBb_11Deserialize11deserializeINtB3_10VecVisitorNtNtNtCsiRk0bvHVOSr_6mpk_vc26csharp_practical_vir_model16handler_lowering12HandlerFrameENtBb_7Visitor9visit_seqQNtNtNtCs5fzGtNe2pyG_10serde_json5value2de15SeqDeserializerEB2e_ in libmpk_vc-43a77541129f1733.rlib[166](mpk_vc-43a77541129f1733.9ldg68757ugja7p2kyucndlft.19qvrf1.rcgu.o)
            "_anon.c617c55d83dacd46ea043541bf17a54e.1.llvm.3043860241516106648", referenced from:
                __RINvXsa_NtNtCs5fzGtNe2pyG_10serde_json5value2deNtB6_15MapDeserializerNtNtCs9ljO6xZjt6Z_10serde_core2de9MapAccess13next_key_seedINtNtCsgtPOCBgevO_4core6marker11PhantomDataNtNvXNvNtNtCsiRk0bvHVOSr_6mpk_vc26csharp_practical_vir_model16handler_lowering1__NtB2P_12HandlerFrameNtB17_11Deserialize11deserialize7___FieldEEB2T_ in libmpk_vc-43a77541129f1733.rlib[234](mpk_vc-43a77541129f1733.dloetgardvqwvv3t1la1zn3wc.19qvrf1.rcgu.o)
            "_anon.c617c55d83dacd46ea043541bf17a54e.11.llvm.3043860241516106648", referenced from:
                __RINvXNvXsh_NtNtCs9ljO6xZjt6Z_10serde_core2de5implsINtNtCslJsSqIQKwiA_5alloc3vec3VecpENtBb_11Deserialize11deserializeINtB3_10VecVisitorNtNtNtCsiRk0bvHVOSr_6mpk_vc26csharp_practical_vir_model16handler_lowering13HandlerClauseENtBb_7Visitor9visit_seqQNtNtNtCs5fzGtNe2pyG_10serde_json5value2de15SeqDeserializerEB2e_ in libmpk_vc-43a77541129f1733.rlib[166](mpk_vc-43a77541129f1733.9ldg68757ugja7p2kyucndlft.19qvrf1.rcgu.o)
            "_anon.c617c55d83dacd46ea043541bf17a54e.13.llvm.3043860241516106648", referenced from:
                __RINvXNvXsh_NtNtCs9ljO6xZjt6Z_10serde_core2de5implsINtNtCslJsSqIQKwiA_5alloc3vec3VecpENtBb_11Deserialize11deserializeINtB3_10VecVisitorNtNtNtCsiRk0bvHVOSr_6mpk_vc26csharp_practical_vir_model16handler_lowering13HandlerRegionENtBb_7Visitor9visit_seqQNtNtNtCs5fzGtNe2pyG_10serde_json5value2de15SeqDeserializerEB2e_ in libmpk_vc-43a77541129f1733.rlib[166](mpk_vc-43a77541129f1733.9ldg68757ugja7p2kyucndlft.19qvrf1.rcgu.o)
            "_anon.c617c55d83dacd46ea043541bf17a54e.19.llvm.3043860241516106648", referenced from:
                __RINvXNvXsh_NtNtCs9ljO6xZjt6Z_10serde_core2de5implsINtNtCslJsSqIQKwiA_5alloc3vec3VecpENtBb_11Deserialize11deserializeINtB3_10VecVisitorNtNtNtCsiRk0bvHVOSr_6mpk_vc26csharp_practical_vir_model16handler_lowering13HandlerRegionENtBb_7Visitor9visit_seqQNtNtNtCs5fzGtNe2pyG_10serde_json5value2de15SeqDeserializerEB2e_ in libmpk_vc-43a77541129f1733.rlib[166](mpk_vc-43a77541129f1733.9ldg68757ugja7p2kyucndlft.19qvrf1.rcgu.o)
            "_anon.c617c55d83dacd46ea043541bf17a54e.2.llvm.3043860241516106648", referenced from:
                __RINvXsa_NtNtCs5fzGtNe2pyG_10serde_json5value2deNtB6_15MapDeserializerNtNtCs9ljO6xZjt6Z_10serde_core2de9MapAccess13next_key_seedINtNtCsgtPOCBgevO_4core6marker11PhantomDataNtNvXNvNtNtCsiRk0bvHVOSr_6mpk_vc26csharp_practical_vir_model16handler_lowering1__NtB2P_12HandlerFrameNtB17_11Deserialize11deserialize7___FieldEEB2T_ in libmpk_vc-43a77541129f1733.rlib[234](mpk_vc-43a77541129f1733.dloetgardvqwvv3t1la1zn3wc.19qvrf1.rcgu.o)
            "_anon.c617c55d83dacd46ea043541bf17a54e.20.llvm.3043860241516106648", referenced from:
                __RINvXNvXsh_NtNtCs9ljO6xZjt6Z_10serde_core2de5implsINtNtCslJsSqIQKwiA_5alloc3vec3VecpENtBb_11Deserialize11deserializeINtB3_10VecVisitorNtNtNtCsiRk0bvHVOSr_6mpk_vc26csharp_practical_vir_model16handler_lowering14HandlerContextENtBb_7Visitor9visit_seqQNtNtNtCs5fzGtNe2pyG_10serde_json5value2de15SeqDeserializerEB2e_ in libmpk_vc-43a77541129f1733.rlib[166](mpk_vc-43a77541129f1733.9ldg68757ugja7p2kyucndlft.19qvrf1.rcgu.o)
            "_anon.c617c55d83dacd46ea043541bf17a54e.21.llvm.3043860241516106648", referenced from:
                __RINvXsa_NtNtCs5fzGtNe2pyG_10serde_json5value2deNtB6_15MapDeserializerNtNtCs9ljO6xZjt6Z_10serde_core2de9MapAccess13next_key_seedINtNtCsgtPOCBgevO_4core6marker11PhantomDataNtNvXNvNtNtCsiRk0bvHVOSr_6mpk_vc26csharp_practical_vir_model16handler_lowerings4_1__NtB2P_14HandlerContextNtB17_11Deserialize11deserialize7___FieldEEB2T_ in libmpk_vc-43a77541129f1733.rlib[234](mpk_vc-43a77541129f1733.dloetgardvqwvv3t1la1zn3wc.19qvrf1.rcgu.o)
            "_anon.c617c55d83dacd46ea043541bf17a54e.22.llvm.3043860241516106648", referenced from:
                __RINvXsa_NtNtCs5fzGtNe2pyG_10serde_json5value2deNtB6_15MapDeserializerNtNtCs9ljO6xZjt6Z_10serde_core2de9MapAccess13next_key_seedINtNtCsgtPOCBgevO_4core6marker11PhantomDataNtNvXNvNtNtCsiRk0bvHVOSr_6mpk_vc26csharp_practical_vir_model16handler_lowerings4_1__NtB2P_14HandlerContextNtB17_11Deserialize11deserialize7___FieldEEB2T_ in libmpk_vc-43a77541129f1733.rlib[234](mpk_vc-43a77541129f1733.dloetgardvqwvv3t1la1zn3wc.19qvrf1.rcgu.o)
            "_anon.c617c55d83dacd46ea043541bf17a54e.23.llvm.3043860241516106648", referenced from:
                __RINvXNvXsh_NtNtCs9ljO6xZjt6Z_10serde_core2de5implsINtNtCslJsSqIQKwiA_5alloc3vec3VecpENtBb_11Deserialize11deserializeINtB3_10VecVisitorNtNtNtCsiRk0bvHVOSr_6mpk_vc26csharp_practical_vir_model16handler_lowering14HandlerContextENtBb_7Visitor9visit_seqQNtNtNtCs5fzGtNe2pyG_10serde_json5value2de15SeqDeserializerEB2e_ in libmpk_vc-43a77541129f1733.rlib[166](mpk_vc-43a77541129f1733.9ldg68757ugja7p2kyucndlft.19qvrf1.rcgu.o)
                __RINvXsa_NtNtCs5fzGtNe2pyG_10serde_json5value2deNtB6_15MapDeserializerNtNtCs9ljO6xZjt6Z_10serde_core2de9MapAccess13next_key_seedINtNtCsgtPOCBgevO_4core6marker11PhantomDataNtNvXNvNtNtCsiRk0bvHVOSr_6mpk_vc26csharp_practical_vir_model16handler_lowerings4_1__NtB2P_14HandlerContextNtB17_11Deserialize11deserialize7___FieldEEB2T_ in libmpk_vc-43a77541129f1733.rlib[234](mpk_vc-43a77541129f1733.dloetgardvqwvv3t1la1zn3wc.19qvrf1.rcgu.o)
            "_anon.c617c55d83dacd46ea043541bf17a54e.24.llvm.3043860241516106648", referenced from:
                __RINvXNvXsh_NtNtCs9ljO6xZjt6Z_10serde_core2de5implsINtNtCslJsSqIQKwiA_5alloc3vec3VecpENtBb_11Deserialize11deserializeINtB3_10VecVisitorNtNtNtCsiRk0bvHVOSr_6mpk_vc26csharp_practical_vir_model16handler_lowering16HandlerCandidateENtBb_7Visitor9visit_seqQNtNtNtCs5fzGtNe2pyG_10serde_json5value2de15SeqDeserializerEB2e_ in libmpk_vc-43a77541129f1733.rlib[166](mpk_vc-43a77541129f1733.9ldg68757ugja7p2kyucndlft.19qvrf1.rcgu.o)
            "_anon.c617c55d83dacd46ea043541bf17a54e.26.llvm.3043860241516106648", referenced from:
                __RINvXNvXsh_NtNtCs9ljO6xZjt6Z_10serde_core2de5implsINtNtCslJsSqIQKwiA_5alloc3vec3VecpENtBb_11Deserialize11deserializeINtB3_10VecVisitorNtNtNtCsiRk0bvHVOSr_6mpk_vc26csharp_practical_vir_model16handler_lowering16HandlerCandidateENtBb_7Visitor9visit_seqQNtNtNtCs5fzGtNe2pyG_10serde_json5value2de15SeqDeserializerEB2e_ in libmpk_vc-43a77541129f1733.rlib[166](mpk_vc-43a77541129f1733.9ldg68757ugja7p2kyucndlft.19qvrf1.rcgu.o)
            "_anon.c617c55d83dacd46ea043541bf17a54e.27.llvm.3043860241516106648", referenced from:
                __RINvXNvXsh_NtNtCs9ljO6xZjt6Z_10serde_core2de5implsINtNtCslJsSqIQKwiA_5alloc3vec3VecpENtBb_11Deserialize11deserializeINtB3_10VecVisitorNtNtNtCsiRk0bvHVOSr_6mpk_vc26csharp_practical_vir_model16handler_lowering15HandlerTransferENtBb_7Visitor9visit_seqQNtNtNtCs5fzGtNe2pyG_10serde_json5value2de15SeqDeserializerEB2e_ in libmpk_vc-43a77541129f1733.rlib[166](mpk_vc-43a77541129f1733.9ldg68757ugja7p2kyucndlft.19qvrf1.rcgu.o)
            "_anon.c617c55d83dacd46ea043541bf17a54e.3.llvm.3043860241516106648", referenced from:
                __RINvXsa_NtNtCs5fzGtNe2pyG_10serde_json5value2deNtB6_15MapDeserializerNtNtCs9ljO6xZjt6Z_10serde_core2de9MapAccess13next_key_seedINtNtCsgtPOCBgevO_4core6marker11PhantomDataNtNvXNvNtNtCsiRk0bvHVOSr_6mpk_vc26csharp_practical_vir_model16handler_lowering1__NtB2P_12HandlerFrameNtB17_11Deserialize11deserialize7___FieldEEB2T_ in libmpk_vc-43a77541129f1733.rlib[234](mpk_vc-43a77541129f1733.dloetgardvqwvv3t1la1zn3wc.19qvrf1.rcgu.o)
            "_anon.c617c55d83dacd46ea043541bf17a54e.32.llvm.3043860241516106648", referenced from:
                __RINvXNvXsh_NtNtCs9ljO6xZjt6Z_10serde_core2de5implsINtNtCslJsSqIQKwiA_5alloc3vec3VecpENtBb_11Deserialize11deserializeINtB3_10VecVisitorNtNtNtCsiRk0bvHVOSr_6mpk_vc26csharp_practical_vir_model16handler_lowering15HandlerTransferENtBb_7Visitor9visit_seqQNtNtNtCs5fzGtNe2pyG_10serde_json5value2de15SeqDeserializerEB2e_ in libmpk_vc-43a77541129f1733.rlib[166](mpk_vc-43a77541129f1733.9ldg68757ugja7p2kyucndlft.19qvrf1.rcgu.o)
            "_anon.c617c55d83dacd46ea043541bf17a54e.33.llvm.3043860241516106648", referenced from:
                __RINvXNvXsh_NtNtCs9ljO6xZjt6Z_10serde_core2de5implsINtNtCslJsSqIQKwiA_5alloc3vec3VecpENtBb_11Deserialize11deserializeINtB3_10VecVisitorNtNtNtCsiRk0bvHVOSr_6mpk_vc26csharp_practical_vir_model16handler_lowering15HandlerFunctionENtBb_7Visitor9visit_seqQNtNtNtCs5fzGtNe2pyG_10serde_json5value2de15SeqDeserializerEB2e_ in libmpk_vc-43a77541129f1733.rlib[166](mpk_vc-43a77541129f1733.9ldg68757ugja7p2kyucndlft.19qvrf1.rcgu.o)
            "_anon.c617c55d83dacd46ea043541bf17a54e.38.llvm.3043860241516106648", referenced from:
                __RINvXNvXsh_NtNtCs9ljO6xZjt6Z_10serde_core2de5implsINtNtCslJsSqIQKwiA_5alloc3vec3VecpENtBb_11Deserialize11deserializeINtB3_10VecVisitorNtNtNtCsiRk0bvHVOSr_6mpk_vc26csharp_practical_vir_model16handler_lowering15HandlerFunctionENtBb_7Visitor9visit_seqQNtNtNtCs5fzGtNe2pyG_10serde_json5value2de15SeqDeserializerEB2e_ in libmpk_vc-43a77541129f1733.rlib[166](mpk_vc-43a77541129f1733.9ldg68757ugja7p2kyucndlft.19qvrf1.rcgu.o)
            "_anon.c617c55d83dacd46ea043541bf17a54e.4.llvm.3043860241516106648", referenced from:
                __RINvXNvXsh_NtNtCs9ljO6xZjt6Z_10serde_core2de5implsINtNtCslJsSqIQKwiA_5alloc3vec3VecpENtBb_11Deserialize11deserializeINtB3_10VecVisitorNtNtNtCsiRk0bvHVOSr_6mpk_vc26csharp_practical_vir_model16handler_lowering12HandlerFrameENtBb_7Visitor9visit_seqQNtNtNtCs5fzGtNe2pyG_10serde_json5value2de15SeqDeserializerEB2e_ in libmpk_vc-43a77541129f1733.rlib[166](mpk_vc-43a77541129f1733.9ldg68757ugja7p2kyucndlft.19qvrf1.rcgu.o)
                __RINvXsa_NtNtCs5fzGtNe2pyG_10serde_json5value2deNtB6_15MapDeserializerNtNtCs9ljO6xZjt6Z_10serde_core2de9MapAccess13next_key_seedINtNtCsgtPOCBgevO_4core6marker11PhantomDataNtNvXNvNtNtCsiRk0bvHVOSr_6mpk_vc26csharp_practical_vir_model16handler_lowering1__NtB2P_12HandlerFrameNtB17_11Deserialize11deserialize7___FieldEEB2T_ in libmpk_vc-43a77541129f1733.rlib[234](mpk_vc-43a77541129f1733.dloetgardvqwvv3t1la1zn3wc.19qvrf1.rcgu.o)
            "_anon.c617c55d83dacd46ea043541bf17a54e.5.llvm.3043860241516106648", referenced from:
                __RINvXNvXsh_NtNtCs9ljO6xZjt6Z_10serde_core2de5implsINtNtCslJsSqIQKwiA_5alloc3vec3VecpENtBb_11Deserialize11deserializeINtB3_10VecVisitorNtNtNtCsiRk0bvHVOSr_6mpk_vc26csharp_practical_vir_model16handler_lowering13HandlerClauseENtBb_7Visitor9visit_seqQNtNtNtCs5fzGtNe2pyG_10serde_json5value2de15SeqDeserializerEB2e_ in libmpk_vc-43a77541129f1733.rlib[166](mpk_vc-43a77541129f1733.9ldg68757ugja7p2kyucndlft.19qvrf1.rcgu.o)
            "_anon.c6e5ef41bd4e9e2334e4496bf0c2c43f.0.llvm.8838196321493136820", referenced from:
                __RINvXNvXsh_NtNtCs9ljO6xZjt6Z_10serde_core2de5implsINtNtCslJsSqIQKwiA_5alloc3vec3VecpENtBb_11Deserialize11deserializeINtB3_10VecVisitorNtNtNtCsiRk0bvHVOSr_6mpk_vc26csharp_practical_vir_model13loop_lowering19LoopSourceOperationENtBb_7Visitor9visit_seqINtNtCs5fzGtNe2pyG_10serde_json2de9SeqAccessNtNtB44_4read7StrReadEEB2e_ in libmpk_vc-43a77541129f1733.rlib[166](mpk_vc-43a77541129f1733.9ldg68757ugja7p2kyucndlft.19qvrf1.rcgu.o)
                __RINvXNvXsh_NtNtCs9ljO6xZjt6Z_10serde_core2de5implsINtNtCslJsSqIQKwiA_5alloc3vec3VecpENtBb_11Deserialize11deserializeINtB3_10VecVisitorNtNtNtCsiRk0bvHVOSr_6mpk_vc26csharp_practical_vir_model13loop_lowering19LoopSourceOperationENtBb_7Visitor9visit_seqQNtNtNtCs5fzGtNe2pyG_10serde_json5value2de15SeqDeserializerEB2e_ in libmpk_vc-43a77541129f1733.rlib[166](mpk_vc-43a77541129f1733.9ldg68757ugja7p2kyucndlft.19qvrf1.rcgu.o)
            "_anon.c6e5ef41bd4e9e2334e4496bf0c2c43f.18.llvm.8838196321493136820", referenced from:
                __RINvXNvXsh_NtNtCs9ljO6xZjt6Z_10serde_core2de5implsINtNtCslJsSqIQKwiA_5alloc3vec3VecpENtBb_11Deserialize11deserializeINtB3_10VecVisitorNtNtNtCsiRk0bvHVOSr_6mpk_vc26csharp_practical_vir_model13loop_lowering15LoopControlNodeENtBb_7Visitor9visit_seqQNtNtNtCs5fzGtNe2pyG_10serde_json5value2de15SeqDeserializerEB2e_ in libmpk_vc-43a77541129f1733.rlib[166](mpk_vc-43a77541129f1733.9ldg68757ugja7p2kyucndlft.19qvrf1.rcgu.o)
            "_anon.c6e5ef41bd4e9e2334e4496bf0c2c43f.19.llvm.8838196321493136820", referenced from:
                __RINvXNvXsh_NtNtCs9ljO6xZjt6Z_10serde_core2de5implsINtNtCslJsSqIQKwiA_5alloc3vec3VecpENtBb_11Deserialize11deserializeINtB3_10VecVisitorNtNtNtCsiRk0bvHVOSr_6mpk_vc26csharp_practical_vir_model13loop_lowering17LoweredLoopRegionENtBb_7Visitor9visit_seqQNtNtNtCs5fzGtNe2pyG_10serde_json5value2de15SeqDeserializerEB2e_ in libmpk_vc-43a77541129f1733.rlib[166](mpk_vc-43a77541129f1733.9ldg68757ugja7p2kyucndlft.19qvrf1.rcgu.o)
            "_anon.c6e5ef41bd4e9e2334e4496bf0c2c43f.27.llvm.8838196321493136820", referenced from:
                __RINvXNvXsh_NtNtCs9ljO6xZjt6Z_10serde_core2de5implsINtNtCslJsSqIQKwiA_5alloc3vec3VecpENtBb_11Deserialize11deserializeINtB3_10VecVisitorNtNtNtCsiRk0bvHVOSr_6mpk_vc26csharp_practical_vir_model13loop_lowering17LoweredLoopRegionENtBb_7Visitor9visit_seqQNtNtNtCs5fzGtNe2pyG_10serde_json5value2de15SeqDeserializerEB2e_ in libmpk_vc-43a77541129f1733.rlib[166](mpk_vc-43a77541129f1733.9ldg68757ugja7p2kyucndlft.19qvrf1.rcgu.o)
            "_anon.c6e5ef41bd4e9e2334e4496bf0c2c43f.28.llvm.8838196321493136820", referenced from:
                __RINvXNvXsh_NtNtCs9ljO6xZjt6Z_10serde_core2de5implsINtNtCslJsSqIQKwiA_5alloc3vec3VecpENtBb_11Deserialize11deserializeINtB3_10VecVisitorNtNtNtCsiRk0bvHVOSr_6mpk_vc26csharp_practical_vir_model13loop_lowering19LoopControlFunctionENtBb_7Visitor9visit_seqQNtNtNtCs5fzGtNe2pyG_10serde_json5value2de15SeqDeserializerEB2e_ in libmpk_vc-43a77541129f1733.rlib[166](mpk_vc-43a77541129f1733.9ldg68757ugja7p2kyucndlft.19qvrf1.rcgu.o)
            "_anon.c6e5ef41bd4e9e2334e4496bf0c2c43f.34.llvm.8838196321493136820", referenced from:
                __RINvXNvXsh_NtNtCs9ljO6xZjt6Z_10serde_core2de5implsINtNtCslJsSqIQKwiA_5alloc3vec3VecpENtBb_11Deserialize11deserializeINtB3_10VecVisitorNtNtNtCsiRk0bvHVOSr_6mpk_vc26csharp_practical_vir_model13loop_lowering19LoopControlFunctionENtBb_7Visitor9visit_seqQNtNtNtCs5fzGtNe2pyG_10serde_json5value2de15SeqDeserializerEB2e_ in libmpk_vc-43a77541129f1733.rlib[166](mpk_vc-43a77541129f1733.9ldg68757ugja7p2kyucndlft.19qvrf1.rcgu.o)
            "_anon.c6e5ef41bd4e9e2334e4496bf0c2c43f.35.llvm.8838196321493136820", referenced from:
                __RINvXse_NtNtCs9ljO6xZjt6Z_10serde_core2de5implsINtNtCsgtPOCBgevO_4core6option6OptionNtNtNtCsiRk0bvHVOSr_6mpk_vc26csharp_practical_vir_model13loop_lowering24ControlOperationLocationENtB8_11Deserialize11deserializeQINtNtCs5fzGtNe2pyG_10serde_json2de12DeserializerNtNtB3u_4read9SliceReadEEB1q_ in libmpk_vc-43a77541129f1733.rlib[16](mpk_vc-43a77541129f1733.117g7xqfbakn3yik8qt4r14jq.19qvrf1.rcgu.o)
                __RINvXNvXsh_NtNtCs9ljO6xZjt6Z_10serde_core2de5implsINtNtCslJsSqIQKwiA_5alloc3vec3VecpENtBb_11Deserialize11deserializeINtB3_10VecVisitorNtNtNtCsiRk0bvHVOSr_6mpk_vc26csharp_practical_vir_model13loop_lowering24ControlOperationLocationENtBb_7Visitor9visit_seqQNtNtNtCs5fzGtNe2pyG_10serde_json5value2de15SeqDeserializerEB2e_ in libmpk_vc-43a77541129f1733.rlib[166](mpk_vc-43a77541129f1733.9ldg68757ugja7p2kyucndlft.19qvrf1.rcgu.o)
            "_anon.c6e5ef41bd4e9e2334e4496bf0c2c43f.36.llvm.8838196321493136820", referenced from:
                __RINvXs5_NtCs5fzGtNe2pyG_10serde_json2deQINtB6_12DeserializerNtNtB8_4read9SliceReadENtNtCs9ljO6xZjt6Z_10serde_core2de12Deserializer18deserialize_structNtNvXNvNtNtCsiRk0bvHVOSr_6mpk_vc26csharp_practical_vir_model13loop_lowerings6_1__NtB2v_24ControlOperationLocationNtB1l_11Deserialize11deserialize9___VisitorEB2z_ in libmpk_vc-43a77541129f1733.rlib[218](mpk_vc-43a77541129f1733.ckr1u73umcn1t5l2ewv39juu8.19qvrf1.rcgu.o)
                __RINvXsa_NtNtCs5fzGtNe2pyG_10serde_json5value2deNtB6_15MapDeserializerNtNtCs9ljO6xZjt6Z_10serde_core2de9MapAccess13next_key_seedINtNtCsgtPOCBgevO_4core6marker11PhantomDataNtNvXNvNtNtCsiRk0bvHVOSr_6mpk_vc26csharp_practical_vir_model13loop_lowerings6_1__NtB2P_24ControlOperationLocationNtB17_11Deserialize11deserialize7___FieldEEB2T_ in libmpk_vc-43a77541129f1733.rlib[234](mpk_vc-43a77541129f1733.dloetgardvqwvv3t1la1zn3wc.19qvrf1.rcgu.o)
            "_anon.c6e5ef41bd4e9e2334e4496bf0c2c43f.37.llvm.8838196321493136820", referenced from:
                __RINvXs5_NtCs5fzGtNe2pyG_10serde_json2deQINtB6_12DeserializerNtNtB8_4read9SliceReadENtNtCs9ljO6xZjt6Z_10serde_core2de12Deserializer18deserialize_structNtNvXNvNtNtCsiRk0bvHVOSr_6mpk_vc26csharp_practical_vir_model13loop_lowerings6_1__NtB2v_24ControlOperationLocationNtB1l_11Deserialize11deserialize9___VisitorEB2z_ in libmpk_vc-43a77541129f1733.rlib[218](mpk_vc-43a77541129f1733.ckr1u73umcn1t5l2ewv39juu8.19qvrf1.rcgu.o)
                __RINvXsa_NtNtCs5fzGtNe2pyG_10serde_json5value2deNtB6_15MapDeserializerNtNtCs9ljO6xZjt6Z_10serde_core2de9MapAccess13next_key_seedINtNtCsgtPOCBgevO_4core6marker11PhantomDataNtNvXNvNtNtCsiRk0bvHVOSr_6mpk_vc26csharp_practical_vir_model13loop_lowerings6_1__NtB2P_24ControlOperationLocationNtB17_11Deserialize11deserialize7___FieldEEB2T_ in libmpk_vc-43a77541129f1733.rlib[234](mpk_vc-43a77541129f1733.dloetgardvqwvv3t1la1zn3wc.19qvrf1.rcgu.o)
            "_anon.c6e5ef41bd4e9e2334e4496bf0c2c43f.38.llvm.8838196321493136820", referenced from:
                __RINvXse_NtNtCs9ljO6xZjt6Z_10serde_core2de5implsINtNtCsgtPOCBgevO_4core6option6OptionNtNtNtCsiRk0bvHVOSr_6mpk_vc26csharp_practical_vir_model13loop_lowering24ControlOperationLocationENtB8_11Deserialize11deserializeQINtNtCs5fzGtNe2pyG_10serde_json2de12DeserializerNtNtB3u_4read9SliceReadEEB1q_ in libmpk_vc-43a77541129f1733.rlib[16](mpk_vc-43a77541129f1733.117g7xqfbakn3yik8qt4r14jq.19qvrf1.rcgu.o)
                __RINvXNvXsh_NtNtCs9ljO6xZjt6Z_10serde_core2de5implsINtNtCslJsSqIQKwiA_5alloc3vec3VecpENtBb_11Deserialize11deserializeINtB3_10VecVisitorNtNtNtCsiRk0bvHVOSr_6mpk_vc26csharp_practical_vir_model13loop_lowering24ControlOperationLocationENtBb_7Visitor9visit_seqQNtNtNtCs5fzGtNe2pyG_10serde_json5value2de15SeqDeserializerEB2e_ in libmpk_vc-43a77541129f1733.rlib[166](mpk_vc-43a77541129f1733.9ldg68757ugja7p2kyucndlft.19qvrf1.rcgu.o)
                __RINvXs5_NtCs5fzGtNe2pyG_10serde_json2deQINtB6_12DeserializerNtNtB8_4read9SliceReadENtNtCs9ljO6xZjt6Z_10serde_core2de12Deserializer18deserialize_structNtNvXNvNtNtCsiRk0bvHVOSr_6mpk_vc26csharp_practical_vir_model13loop_lowerings6_1__NtB2v_24ControlOperationLocationNtB1l_11Deserialize11deserialize9___VisitorEB2z_ in libmpk_vc-43a77541129f1733.rlib[218](mpk_vc-43a77541129f1733.ckr1u73umcn1t5l2ewv39juu8.19qvrf1.rcgu.o)
                __RINvXsa_NtNtCs5fzGtNe2pyG_10serde_json5value2deNtB6_15MapDeserializerNtNtCs9ljO6xZjt6Z_10serde_core2de9MapAccess13next_key_seedINtNtCsgtPOCBgevO_4core6marker11PhantomDataNtNvXNvNtNtCsiRk0bvHVOSr_6mpk_vc26csharp_practical_vir_model13loop_lowerings6_1__NtB2P_24ControlOperationLocationNtB17_11Deserialize11deserialize7___FieldEEB2T_ in libmpk_vc-43a77541129f1733.rlib[234](mpk_vc-43a77541129f1733.dloetgardvqwvv3t1la1zn3wc.19qvrf1.rcgu.o)
            "_anon.c6e5ef41bd4e9e2334e4496bf0c2c43f.8.llvm.8838196321493136820", referenced from:
                __RINvXNvXsh_NtNtCs9ljO6xZjt6Z_10serde_core2de5implsINtNtCslJsSqIQKwiA_5alloc3vec3VecpENtBb_11Deserialize11deserializeINtB3_10VecVisitorNtNtNtCsiRk0bvHVOSr_6mpk_vc26csharp_practical_vir_model13loop_lowering19LoopSourceOperationENtBb_7Visitor9visit_seqINtNtCs5fzGtNe2pyG_10serde_json2de9SeqAccessNtNtB44_4read7StrReadEEB2e_ in libmpk_vc-43a77541129f1733.rlib[166](mpk_vc-43a77541129f1733.9ldg68757ugja7p2kyucndlft.19qvrf1.rcgu.o)
                __RINvXNvXsh_NtNtCs9ljO6xZjt6Z_10serde_core2de5implsINtNtCslJsSqIQKwiA_5alloc3vec3VecpENtBb_11Deserialize11deserializeINtB3_10VecVisitorNtNtNtCsiRk0bvHVOSr_6mpk_vc26csharp_practical_vir_model13loop_lowering19LoopSourceOperationENtBb_7Visitor9visit_seqQNtNtNtCs5fzGtNe2pyG_10serde_json5value2de15SeqDeserializerEB2e_ in libmpk_vc-43a77541129f1733.rlib[166](mpk_vc-43a77541129f1733.9ldg68757ugja7p2kyucndlft.19qvrf1.rcgu.o)
            "_anon.c6e5ef41bd4e9e2334e4496bf0c2c43f.86.llvm.8838196321493136820", referenced from:
                __RNvNtNtCsiRk0bvHVOSr_6mpk_vc26csharp_practical_vir_model13loop_lowering17validate_function in libmpk_vc-43a77541129f1733.rlib[175](mpk_vc-43a77541129f1733.9x2kyrgjp7lflrnnzm0pe38uo.19qvrf1.rcgu.o)
            "_anon.c6e5ef41bd4e9e2334e4496bf0c2c43f.87.llvm.8838196321493136820", referenced from:
                __RNvNtNtCsiRk0bvHVOSr_6mpk_vc26csharp_practical_vir_model13loop_lowering17validate_function in libmpk_vc-43a77541129f1733.rlib[175](mpk_vc-43a77541129f1733.9x2kyrgjp7lflrnnzm0pe38uo.19qvrf1.rcgu.o)
            "_anon.c6e5ef41bd4e9e2334e4496bf0c2c43f.88.llvm.8838196321493136820", referenced from:
                __RNvNtNtCsiRk0bvHVOSr_6mpk_vc26csharp_practical_vir_model13loop_lowering17validate_function in libmpk_vc-43a77541129f1733.rlib[175](mpk_vc-43a77541129f1733.9x2kyrgjp7lflrnnzm0pe38uo.19qvrf1.rcgu.o)
            "_anon.c6e5ef41bd4e9e2334e4496bf0c2c43f.9.llvm.8838196321493136820", referenced from:
                __RINvXNvXsh_NtNtCs9ljO6xZjt6Z_10serde_core2de5implsINtNtCslJsSqIQKwiA_5alloc3vec3VecpENtBb_11Deserialize11deserializeINtB3_10VecVisitorNtNtNtCsiRk0bvHVOSr_6mpk_vc26csharp_practical_vir_model13loop_lowering15LoopControlNodeENtBb_7Visitor9visit_seqQNtNtNtCs5fzGtNe2pyG_10serde_json5value2de15SeqDeserializerEB2e_ in libmpk_vc-43a77541129f1733.rlib[166](mpk_vc-43a77541129f1733.9ldg68757ugja7p2kyucndlft.19qvrf1.rcgu.o)
            "_anon.d15b7c396b096e67743aa866cb1d58ac.173.llvm.9235610262838023261", referenced from:
                __RNvNtCsiRk0bvHVOSr_6mpk_vc25csharp_practical_vc_model23build_obligation_groups in libmpk_vc-43a77541129f1733.rlib[189](mpk_vc-43a77541129f1733.aq2ocvww74hjkcgiytdxeogz5.19qvrf1.rcgu.o)
            "_anon.d15b7c396b096e67743aa866cb1d58ac.2.llvm.9235610262838023261", referenced from:
                __RNvXs3_NtNtNtCsgtPOCBgevO_4core4iter8adapters3zipINtB5_3ZipINtNtB7_6cloned6ClonedINtNtNtBb_5slice4iter4IterNtNtCslJsSqIQKwiA_5alloc6string6StringEEINtNtB7_3map3MapIB1i_jENCNvNtNtNtCsiRk0bvHVOSr_6mpk_vc26csharp_practical_vir_model17ordinary_carriers11scalar_bits28emit_circuit_with_block_bitss1_0EEINtB5_7ZipImplBV_B2l_E3newB2S_ in libmpk_vc-43a77541129f1733.rlib[126](mpk_vc-43a77541129f1733.812q1p79jod3oyimiotmzkzwm.19qvrf1.rcgu.o)
                __RNvMs_NtNtNtNtNtCsiRk0bvHVOSr_6mpk_vc26csharp_practical_vir_model17ordinary_carriers11scalar_bits13json_products11typed_depthNtB4_6Depths5shape in libmpk_vc-43a77541129f1733.rlib[138](mpk_vc-43a77541129f1733.8fzx76g8zv87meht0zavhspyj.19qvrf1.rcgu.o)
                __RNvMs_NtNtNtNtNtCsiRk0bvHVOSr_6mpk_vc26csharp_practical_vir_model17ordinary_carriers11scalar_bits13json_products11typed_nodesNtB4_5Nodes5shape in libmpk_vc-43a77541129f1733.rlib[154](mpk_vc-43a77541129f1733.95pikjjjrcv8kdcc1pd7gmvpk.19qvrf1.rcgu.o)
                __RNvYINtNtNtNtCsgtPOCBgevO_4core4iter8adapters3map3MapINtNtNtBb_5slice4iter4IterNtNtNtCsiRk0bvHVOSr_6mpk_vc26csharp_practical_vir_model15contract_import26VerifiedContractExpressionENCNvNtB1l_25csharp_practical_vc_model11expected_vcs2_0ENtNtNtB9_6traits8iterator8Iterator3maxB1l_ in libmpk_vc-43a77541129f1733.rlib[189](mpk_vc-43a77541129f1733.aq2ocvww74hjkcgiytdxeogz5.19qvrf1.rcgu.o)
            "_anon.d15b7c396b096e67743aa866cb1d58ac.22.llvm.9235610262838023261", referenced from:
                __RNvNtNtCsiRk0bvHVOSr_6mpk_vc26csharp_practical_vir_model8business11date_number in libmpk_vc-43a77541129f1733.rlib[135](mpk_vc-43a77541129f1733.8baotxkwhn398a1oc9e9zdi6c.19qvrf1.rcgu.o)
                __RNvMNtNtCsiRk0bvHVOSr_6mpk_vc26csharp_practical_vir_model7data_vcNtB2_13DataVcProgram12declarations in libmpk_vc-43a77541129f1733.rlib[157](mpk_vc-43a77541129f1733.995qx07f9zexxdk7yncjt53nq.19qvrf1.rcgu.o)
                __RNvNtNtCsiRk0bvHVOSr_6mpk_vc26csharp_practical_vir_model7data_vc17generate_data_vcs in libmpk_vc-43a77541129f1733.rlib[157](mpk_vc-43a77541129f1733.995qx07f9zexxdk7yncjt53nq.19qvrf1.rcgu.o)
            "_anon.d15b7c396b096e67743aa866cb1d58ac.292.llvm.9235610262838023261", referenced from:
                __RNvXNtNtCsgtPOCBgevO_4core4iter8adaptersINtB2_12GenericShuntINtNtB2_3map3MapINtNtB2_6filter6FilterINtNtNtB6_5slice4iter4IterNtNtCs5fzGtNe2pyG_10serde_json5value5ValueENCNvNtNtNtNtNtCsiRk0bvHVOSr_6mpk_vc26csharp_practical_vir_model17ordinary_carriers10structural14source_clauses13control_slots48generate_csharp_practical_ordinary_control_slotss0_0ENCB2H_s1_0EINtNtB6_6result6ResultNtNtB6_7convert10InfallibleNtB2P_20OrdinaryCarrierErrorEENtNtNtB4_6traits8iterator8Iterator4nextB2T_ in libmpk_vc-43a77541129f1733.rlib[107](mpk_vc-43a77541129f1733.6lfub2hv5hpm61iwbkcqacrml.19qvrf1.rcgu.o)
            "_anon.d15b7c396b096e67743aa866cb1d58ac.309.llvm.9235610262838023261", referenced from:
                __RNvNtNtNtNtCsiRk0bvHVOSr_6mpk_vc26csharp_practical_vir_model17ordinary_carriers11scalar_bits11json_tokens13add_calendars in libmpk_vc-43a77541129f1733.rlib[193](mpk_vc-43a77541129f1733.au1j41s0qv9kxr9qf3uu6ir7p.19qvrf1.rcgu.o)
            "_anon.d15b7c396b096e67743aa866cb1d58ac.39.llvm.9235610262838023261", referenced from:
                __RNvXNtNtCsgtPOCBgevO_4core4iter8adaptersINtB2_12GenericShuntINtNtB2_3map3MapINtNtB2_6filter6FilterINtNtNtB6_5slice4iter4IterNtNtCs5fzGtNe2pyG_10serde_json5value5ValueENCNvNtNtNtNtNtCsiRk0bvHVOSr_6mpk_vc26csharp_practical_vir_model17ordinary_carriers10structural14source_clauses13control_slots48generate_csharp_practical_ordinary_control_slotss0_0ENCB2H_s1_0EINtNtB6_6result6ResultNtNtB6_7convert10InfallibleNtB2P_20OrdinaryCarrierErrorEENtNtNtB4_6traits8iterator8Iterator4nextB2T_ in libmpk_vc-43a77541129f1733.rlib[107](mpk_vc-43a77541129f1733.6lfub2hv5hpm61iwbkcqacrml.19qvrf1.rcgu.o)
                __RNvXNtNtCsgtPOCBgevO_4core4iter8adaptersINtB2_12GenericShuntINtNtB2_3map3MapINtNtB2_6filter6FilterINtNtNtB6_5slice4iter4IterNtNtCs5fzGtNe2pyG_10serde_json5value5ValueENCNvNtNtNtNtNtCsiRk0bvHVOSr_6mpk_vc26csharp_practical_vir_model17ordinary_carriers10structural14source_clauses13control_edges29emit_program_with_foundationss4_0ENCB2H_s5_0EINtNtB6_6result6ResultNtNtB6_7convert10InfallibleNtB2P_20OrdinaryCarrierErrorEENtNtNtB4_6traits8iterator8Iterator4nextB2T_ in libmpk_vc-43a77541129f1733.rlib[107](mpk_vc-43a77541129f1733.6lfub2hv5hpm61iwbkcqacrml.19qvrf1.rcgu.o)
                __RNvXNtNtCsgtPOCBgevO_4core4iter8adaptersINtB2_12GenericShuntINtNtB2_3map3MapINtNtB2_6filter6FilterINtNtNtB6_5slice4iter4IterNtNtCs5fzGtNe2pyG_10serde_json5value5ValueENCNvNtNtNtNtNtCsiRk0bvHVOSr_6mpk_vc26csharp_practical_vir_model17ordinary_carriers10structural14source_clauses13control_edges29emit_program_with_foundationss8_0ENCB2H_s9_0EINtNtB6_6result6ResultNtNtB6_7convert10InfallibleNtB2P_20OrdinaryCarrierErrorEENtNtNtB4_6traits8iterator8Iterator4nextB2T_ in libmpk_vc-43a77541129f1733.rlib[107](mpk_vc-43a77541129f1733.6lfub2hv5hpm61iwbkcqacrml.19qvrf1.rcgu.o)
            "_anon.d15b7c396b096e67743aa866cb1d58ac.393.llvm.9235610262838023261", referenced from:
                __RNvXNtNtCsgtPOCBgevO_4core4iter8adaptersINtB2_12GenericShuntINtNtB2_3map3MapINtNtB2_6filter6FilterINtNtNtB6_5slice4iter4IterNtNtCs5fzGtNe2pyG_10serde_json5value5ValueENCNvNtNtNtNtNtCsiRk0bvHVOSr_6mpk_vc26csharp_practical_vir_model17ordinary_carriers10structural14source_clauses13control_edges29emit_program_with_foundationss4_0ENCB2H_s5_0EINtNtB6_6result6ResultNtNtB6_7convert10InfallibleNtB2P_20OrdinaryCarrierErrorEENtNtNtB4_6traits8iterator8Iterator4nextB2T_ in libmpk_vc-43a77541129f1733.rlib[107](mpk_vc-43a77541129f1733.6lfub2hv5hpm61iwbkcqacrml.19qvrf1.rcgu.o)
            "_anon.d15b7c396b096e67743aa866cb1d58ac.395.llvm.9235610262838023261", referenced from:
                __RNvXNtNtCsgtPOCBgevO_4core4iter8adaptersINtB2_12GenericShuntINtNtB2_3map3MapINtNtB2_6filter6FilterINtNtNtB6_5slice4iter4IterNtNtCs5fzGtNe2pyG_10serde_json5value5ValueENCNvNtNtNtNtNtCsiRk0bvHVOSr_6mpk_vc26csharp_practical_vir_model17ordinary_carriers10structural14source_clauses13control_edges29emit_program_with_foundationss8_0ENCB2H_s9_0EINtNtB6_6result6ResultNtNtB6_7convert10InfallibleNtB2P_20OrdinaryCarrierErrorEENtNtNtB4_6traits8iterator8Iterator4nextB2T_ in libmpk_vc-43a77541129f1733.rlib[107](mpk_vc-43a77541129f1733.6lfub2hv5hpm61iwbkcqacrml.19qvrf1.rcgu.o)
            "_anon.d15b7c396b096e67743aa866cb1d58ac.396.llvm.9235610262838023261", referenced from:
                __RNvXNtNtCsgtPOCBgevO_4core4iter8adaptersINtB2_12GenericShuntINtNtB2_3map3MapINtNtNtB6_3ops5range5RangejENCNvNtNtNtNtNtCsiRk0bvHVOSr_6mpk_vc26csharp_practical_vir_model17ordinary_carriers10structural14source_clauses13control_edges4join0EINtNtB6_6result6ResultNtNtB6_7convert10InfallibleNtB1O_20OrdinaryCarrierErrorEENtNtNtB4_6traits8iterator8Iterator4nextB1S_ in libmpk_vc-43a77541129f1733.rlib[107](mpk_vc-43a77541129f1733.6lfub2hv5hpm61iwbkcqacrml.19qvrf1.rcgu.o)
            "_anon.d15b7c396b096e67743aa866cb1d58ac.397.llvm.9235610262838023261", referenced from:
                __RNvXNtNtCsgtPOCBgevO_4core4iter8adaptersINtB2_12GenericShuntINtNtB2_3map3MapINtNtNtB6_3ops5range5RangejENCNvNtNtNtNtNtCsiRk0bvHVOSr_6mpk_vc26csharp_practical_vir_model17ordinary_carriers10structural14source_clauses13control_edges4join0EINtNtB6_6result6ResultNtNtB6_7convert10InfallibleNtB1O_20OrdinaryCarrierErrorEENtNtNtB4_6traits8iterator8Iterator4nextB1S_ in libmpk_vc-43a77541129f1733.rlib[107](mpk_vc-43a77541129f1733.6lfub2hv5hpm61iwbkcqacrml.19qvrf1.rcgu.o)
            "_anon.d15b7c396b096e67743aa866cb1d58ac.398.llvm.9235610262838023261", referenced from:
                __RNvXNtNtCsgtPOCBgevO_4core4iter8adaptersINtB2_12GenericShuntINtNtB2_3map3MapINtNtNtB6_3ops5range5RangejENCNvNtNtNtNtNtCsiRk0bvHVOSr_6mpk_vc26csharp_practical_vir_model17ordinary_carriers10structural14source_clauses13control_edges8phi_joins0_0EINtNtB6_6result6ResultNtNtB6_7convert10InfallibleNtB1O_20OrdinaryCarrierErrorEENtNtNtB4_6traits8iterator8Iterator4nextB1S_ in libmpk_vc-43a77541129f1733.rlib[107](mpk_vc-43a77541129f1733.6lfub2hv5hpm61iwbkcqacrml.19qvrf1.rcgu.o)
            "_anon.d15b7c396b096e67743aa866cb1d58ac.399.llvm.9235610262838023261", referenced from:
                __RNvXNtNtCsgtPOCBgevO_4core4iter8adaptersINtB2_12GenericShuntINtNtB2_3map3MapINtNtNtB6_3ops5range5RangejENCNvNtNtNtNtNtCsiRk0bvHVOSr_6mpk_vc26csharp_practical_vir_model17ordinary_carriers10structural14source_clauses13control_edges8phi_joins0_0EINtNtB6_6result6ResultNtNtB6_7convert10InfallibleNtB1O_20OrdinaryCarrierErrorEENtNtNtB4_6traits8iterator8Iterator4nextB1S_ in libmpk_vc-43a77541129f1733.rlib[107](mpk_vc-43a77541129f1733.6lfub2hv5hpm61iwbkcqacrml.19qvrf1.rcgu.o)
            "_anon.d15b7c396b096e67743aa866cb1d58ac.4.llvm.9235610262838023261", referenced from:
                __RNvMs_NtNtNtNtNtCsiRk0bvHVOSr_6mpk_vc26csharp_practical_vir_model17ordinary_carriers10structural9relations7domainsNtB4_7Domains3sum in libmpk_vc-43a77541129f1733.rlib[76](mpk_vc-43a77541129f1733.4xh335bkib5t1jwxqzx8098w2.19qvrf1.rcgu.o)
                __RNvMs_NtNtNtNtNtCsiRk0bvHVOSr_6mpk_vc26csharp_practical_vir_model17ordinary_carriers10structural9relations7domainsNtB4_7Domains7product in libmpk_vc-43a77541129f1733.rlib[76](mpk_vc-43a77541129f1733.4xh335bkib5t1jwxqzx8098w2.19qvrf1.rcgu.o)
                __RNvMs_NtNtNtNtNtCsiRk0bvHVOSr_6mpk_vc26csharp_practical_vir_model17ordinary_carriers11scalar_bits13json_products9envelopesNtB6_8Products9envelopes in libmpk_vc-43a77541129f1733.rlib[97](mpk_vc-43a77541129f1733.62hme7u2d2kt964hmnsml39ob.19qvrf1.rcgu.o)
                __RNvMs_NtNtNtNtNtCsiRk0bvHVOSr_6mpk_vc26csharp_practical_vir_model17ordinary_carriers11scalar_bits13json_products11typed_depthNtB4_6Depths5shape in libmpk_vc-43a77541129f1733.rlib[138](mpk_vc-43a77541129f1733.8fzx76g8zv87meht0zavhspyj.19qvrf1.rcgu.o)
                __RNvMs_NtNtNtNtNtCsiRk0bvHVOSr_6mpk_vc26csharp_practical_vir_model17ordinary_carriers11scalar_bits13json_products11typed_nodesNtB4_5Nodes5shape in libmpk_vc-43a77541129f1733.rlib[154](mpk_vc-43a77541129f1733.95pikjjjrcv8kdcc1pd7gmvpk.19qvrf1.rcgu.o)
                __RNvMNtNtCsiRk0bvHVOSr_6mpk_vc26csharp_practical_vir_model7data_vcNtB2_13DataVcProgram12binder_depth in libmpk_vc-43a77541129f1733.rlib[157](mpk_vc-43a77541129f1733.995qx07f9zexxdk7yncjt53nq.19qvrf1.rcgu.o)
                __RNvYINtNtNtNtCsgtPOCBgevO_4core4iter8adapters3map3MapINtNtNtBb_5slice4iter4IterNtNtNtCsiRk0bvHVOSr_6mpk_vc26csharp_practical_vir_model15contract_import26VerifiedContractExpressionENCNvNtB1l_25csharp_practical_vc_model11expected_vcs2_0ENtNtNtB9_6traits8iterator8Iterator3maxB1l_ in libmpk_vc-43a77541129f1733.rlib[189](mpk_vc-43a77541129f1733.aq2ocvww74hjkcgiytdxeogz5.19qvrf1.rcgu.o)
                ...
            "_anon.d15b7c396b096e67743aa866cb1d58ac.46.llvm.9235610262838023261", referenced from:
                __RNvXNtNtCsgtPOCBgevO_4core4iter8adaptersINtB2_12GenericShuntINtNtB2_3map3MapINtNtB2_6filter6FilterINtNtNtB6_5slice4iter4IterNtNtCs5fzGtNe2pyG_10serde_json5value5ValueENCNvNtNtNtNtNtCsiRk0bvHVOSr_6mpk_vc26csharp_practical_vir_model17ordinary_carriers10structural14source_clauses13control_slots48generate_csharp_practical_ordinary_control_slotss0_0ENCB2H_s1_0EINtNtB6_6result6ResultNtNtB6_7convert10InfallibleNtB2P_20OrdinaryCarrierErrorEENtNtNtB4_6traits8iterator8Iterator4nextB2T_ in libmpk_vc-43a77541129f1733.rlib[107](mpk_vc-43a77541129f1733.6lfub2hv5hpm61iwbkcqacrml.19qvrf1.rcgu.o)
                __RNvXNtNtCsgtPOCBgevO_4core4iter8adaptersINtB2_12GenericShuntINtNtB2_3map3MapINtNtB2_6filter6FilterINtNtNtB6_5slice4iter4IterNtNtCs5fzGtNe2pyG_10serde_json5value5ValueENCNvNtNtNtNtNtCsiRk0bvHVOSr_6mpk_vc26csharp_practical_vir_model17ordinary_carriers10structural14source_clauses13control_edges29emit_program_with_foundationss4_0ENCB2H_s5_0EINtNtB6_6result6ResultNtNtB6_7convert10InfallibleNtB2P_20OrdinaryCarrierErrorEENtNtNtB4_6traits8iterator8Iterator4nextB2T_ in libmpk_vc-43a77541129f1733.rlib[107](mpk_vc-43a77541129f1733.6lfub2hv5hpm61iwbkcqacrml.19qvrf1.rcgu.o)
                __RNvXNtNtCsgtPOCBgevO_4core4iter8adaptersINtB2_12GenericShuntINtNtB2_3map3MapINtNtB2_6filter6FilterINtNtNtB6_5slice4iter4IterNtNtCs5fzGtNe2pyG_10serde_json5value5ValueENCNvNtNtNtNtNtCsiRk0bvHVOSr_6mpk_vc26csharp_practical_vir_model17ordinary_carriers10structural14source_clauses13control_edges29emit_program_with_foundationss8_0ENCB2H_s9_0EINtNtB6_6result6ResultNtNtB6_7convert10InfallibleNtB2P_20OrdinaryCarrierErrorEENtNtNtB4_6traits8iterator8Iterator4nextB2T_ in libmpk_vc-43a77541129f1733.rlib[107](mpk_vc-43a77541129f1733.6lfub2hv5hpm61iwbkcqacrml.19qvrf1.rcgu.o)
            "_anon.d15b7c396b096e67743aa866cb1d58ac.477.llvm.9235610262838023261", referenced from:
                __RNvXs3_NtNtNtCsgtPOCBgevO_4core4iter8adapters3zipINtB5_3ZipINtNtB7_6cloned6ClonedINtNtNtBb_5slice4iter4IterNtNtCslJsSqIQKwiA_5alloc6string6StringEEINtNtB7_3map3MapIB1i_jENCNvNtNtNtCsiRk0bvHVOSr_6mpk_vc26csharp_practical_vir_model17ordinary_carriers11scalar_bits28emit_circuit_with_block_bitss1_0EEINtB5_7ZipImplBV_B2l_E3newB2S_ in libmpk_vc-43a77541129f1733.rlib[126](mpk_vc-43a77541129f1733.812q1p79jod3oyimiotmzkzwm.19qvrf1.rcgu.o)
                __RNvMs_NtNtNtNtNtCsiRk0bvHVOSr_6mpk_vc26csharp_practical_vir_model17ordinary_carriers11scalar_bits13json_products11typed_depthNtB4_6Depths5shape in libmpk_vc-43a77541129f1733.rlib[138](mpk_vc-43a77541129f1733.8fzx76g8zv87meht0zavhspyj.19qvrf1.rcgu.o)
                __RNvMs_NtNtNtNtNtCsiRk0bvHVOSr_6mpk_vc26csharp_practical_vir_model17ordinary_carriers11scalar_bits13json_products11typed_nodesNtB4_5Nodes5shape in libmpk_vc-43a77541129f1733.rlib[154](mpk_vc-43a77541129f1733.95pikjjjrcv8kdcc1pd7gmvpk.19qvrf1.rcgu.o)
                __RNvYINtNtNtNtCsgtPOCBgevO_4core4iter8adapters3map3MapINtNtNtBb_5slice4iter4IterNtNtNtCsiRk0bvHVOSr_6mpk_vc26csharp_practical_vir_model15contract_import26VerifiedContractExpressionENCNvNtB1l_25csharp_practical_vc_model11expected_vcs2_0ENtNtNtB9_6traits8iterator8Iterator3maxB1l_ in libmpk_vc-43a77541129f1733.rlib[189](mpk_vc-43a77541129f1733.aq2ocvww74hjkcgiytdxeogz5.19qvrf1.rcgu.o)
            "_anon.d15b7c396b096e67743aa866cb1d58ac.478.llvm.9235610262838023261", referenced from:
                __RNvMs_NtNtNtNtNtCsiRk0bvHVOSr_6mpk_vc26csharp_practical_vir_model17ordinary_carriers10structural9relations7domainsNtB4_7Domains3sum in libmpk_vc-43a77541129f1733.rlib[76](mpk_vc-43a77541129f1733.4xh335bkib5t1jwxqzx8098w2.19qvrf1.rcgu.o)
                __RNvMs_NtNtNtNtNtCsiRk0bvHVOSr_6mpk_vc26csharp_practical_vir_model17ordinary_carriers10structural9relations7domainsNtB4_7Domains7product in libmpk_vc-43a77541129f1733.rlib[76](mpk_vc-43a77541129f1733.4xh335bkib5t1jwxqzx8098w2.19qvrf1.rcgu.o)
                __RNvMs_NtNtNtNtNtCsiRk0bvHVOSr_6mpk_vc26csharp_practical_vir_model17ordinary_carriers11scalar_bits13json_products9envelopesNtB6_8Products9envelopes in libmpk_vc-43a77541129f1733.rlib[97](mpk_vc-43a77541129f1733.62hme7u2d2kt964hmnsml39ob.19qvrf1.rcgu.o)
                __RNvMs_NtNtNtNtNtCsiRk0bvHVOSr_6mpk_vc26csharp_practical_vir_model17ordinary_carriers11scalar_bits13json_products11typed_depthNtB4_6Depths5shape in libmpk_vc-43a77541129f1733.rlib[138](mpk_vc-43a77541129f1733.8fzx76g8zv87meht0zavhspyj.19qvrf1.rcgu.o)
                __RNvMs_NtNtNtNtNtCsiRk0bvHVOSr_6mpk_vc26csharp_practical_vir_model17ordinary_carriers11scalar_bits13json_products11typed_nodesNtB4_5Nodes5shape in libmpk_vc-43a77541129f1733.rlib[154](mpk_vc-43a77541129f1733.95pikjjjrcv8kdcc1pd7gmvpk.19qvrf1.rcgu.o)
                __RNvMNtNtCsiRk0bvHVOSr_6mpk_vc26csharp_practical_vir_model7data_vcNtB2_13DataVcProgram12binder_depth in libmpk_vc-43a77541129f1733.rlib[157](mpk_vc-43a77541129f1733.995qx07f9zexxdk7yncjt53nq.19qvrf1.rcgu.o)
                __RNvYINtNtNtNtCsgtPOCBgevO_4core4iter8adapters3map3MapINtNtNtBb_5slice4iter4IterNtNtNtCsiRk0bvHVOSr_6mpk_vc26csharp_practical_vir_model15contract_import26VerifiedContractExpressionENCNvNtB1l_25csharp_practical_vc_model11expected_vcs2_0ENtNtNtB9_6traits8iterator8Iterator3maxB1l_ in libmpk_vc-43a77541129f1733.rlib[189](mpk_vc-43a77541129f1733.aq2ocvww74hjkcgiytdxeogz5.19qvrf1.rcgu.o)
                ...
            "_anon.d890c04659c75e062b1fdc1676cf5c88.32.llvm.11700280103392842203", referenced from:
                __RNvNtCsiRk0bvHVOSr_6mpk_vc15source_manifest14input_set_hash in libmpk_vc-43a77541129f1733.rlib[195](mpk_vc-43a77541129f1733.b8mtj7n9g9rso5z5p4rktxaer.19qvrf1.rcgu.o)
            "_anon.d890c04659c75e062b1fdc1676cf5c88.33.llvm.11700280103392842203", referenced from:
                __RNvNtCsiRk0bvHVOSr_6mpk_vc15source_manifest14input_set_hash in libmpk_vc-43a77541129f1733.rlib[195](mpk_vc-43a77541129f1733.b8mtj7n9g9rso5z5p4rktxaer.19qvrf1.rcgu.o)
            "_anon.d890c04659c75e062b1fdc1676cf5c88.34.llvm.11700280103392842203", referenced from:
                __RNvNtCsiRk0bvHVOSr_6mpk_vc15source_manifest14input_set_hash in libmpk_vc-43a77541129f1733.rlib[195](mpk_vc-43a77541129f1733.b8mtj7n9g9rso5z5p4rktxaer.19qvrf1.rcgu.o)
            "_anon.d890c04659c75e062b1fdc1676cf5c88.38.llvm.11700280103392842203", referenced from:
                __RNvNtCsiRk0bvHVOSr_6mpk_vc33csharp_practical_source_artifacts10raw_sha256 in libmpk_vc-43a77541129f1733.rlib[13](mpk_vc-43a77541129f1733.0wdv1wicbfgep4bzfb64a8vg9.19qvrf1.rcgu.o)
                __RNvNtCsiRk0bvHVOSr_6mpk_vc33csharp_practical_source_artifacts23capture_original_inputs in libmpk_vc-43a77541129f1733.rlib[13](mpk_vc-43a77541129f1733.0wdv1wicbfgep4bzfb64a8vg9.19qvrf1.rcgu.o)
                __RNvNtCsiRk0bvHVOSr_6mpk_vc26csharp_practical_vir_model27validate_descriptor_members in libmpk_vc-43a77541129f1733.rlib[95](mpk_vc-43a77541129f1733.5v4px5cpkj12ryzon77uxnrjy.19qvrf1.rcgu.o)
                __RNvNtCsiRk0bvHVOSr_6mpk_vc26csharp_practical_vir_model37validate_registered_foundation_bundle in libmpk_vc-43a77541129f1733.rlib[95](mpk_vc-43a77541129f1733.5v4px5cpkj12ryzon77uxnrjy.19qvrf1.rcgu.o)
                __RNvNtCsiRk0bvHVOSr_6mpk_vc25csharp_practical_vc_model13hash_complete in libmpk_vc-43a77541129f1733.rlib[189](mpk_vc-43a77541129f1733.aq2ocvww74hjkcgiytdxeogz5.19qvrf1.rcgu.o)
                __RNvNtCsiRk0bvHVOSr_6mpk_vc25csharp_practical_vc_model7vc_hash in libmpk_vc-43a77541129f1733.rlib[189](mpk_vc-43a77541129f1733.aq2ocvww74hjkcgiytdxeogz5.19qvrf1.rcgu.o)
                __RNvNtCsiRk0bvHVOSr_6mpk_vc31csharp_practical_vir_validation9hash_wire in libmpk_vc-43a77541129f1733.rlib[216](mpk_vc-43a77541129f1733.cj49h6th1o5cd22g9japwrnjl.19qvrf1.rcgu.o)
                ...
            "_anon.e61855a4b05a5e65bf498647af19286e.12.llvm.18069295750340693774", referenced from:
                __RINvXNvNtNtCsiRk0bvHVOSr_6mpk_vc26csharp_practical_vir_model17ordinary_carrierss_1__NtB5_13OrdinaryFieldNtNtCs9ljO6xZjt6Z_10serde_core3ser9Serialize9serializeQINtNtCs5fzGtNe2pyG_10serde_json3ser10SerializerQINtNtCslJsSqIQKwiA_5alloc3vec3VechEEEB9_ in libmpk_vc-43a77541129f1733.rlib[215](mpk_vc-43a77541129f1733.cirof1t6ypvjbrghz3iu59889.19qvrf1.rcgu.o)
                __RINvXNvNtCsiRk0bvHVOSr_6mpk_vc26csharp_practical_vir_models10_1__NtB5_19MonomorphicMapEntryNtNtCs9ljO6xZjt6Z_10serde_core3ser9Serialize9serializeQINtNtCs5fzGtNe2pyG_10serde_json3ser10SerializerQINtNtCslJsSqIQKwiA_5alloc3vec3VechEEEB7_ in libmpk_vc-43a77541129f1733.rlib[254](mpk_vc-43a77541129f1733.erglkg6a17rfo2hgjt4r52vpq.19qvrf1.rcgu.o)
                __RINvXNvNtCsiRk0bvHVOSr_6mpk_vc26csharp_practical_vir_modelsY_1__NtB5_21NamedMonomorphicValueNtNtCs9ljO6xZjt6Z_10serde_core3ser9Serialize9serializeQINtNtCs5fzGtNe2pyG_10serde_json3ser10SerializerQINtNtCslJsSqIQKwiA_5alloc3vec3VechEEEB7_ in libmpk_vc-43a77541129f1733.rlib[254](mpk_vc-43a77541129f1733.erglkg6a17rfo2hgjt4r52vpq.19qvrf1.rcgu.o)
                __RINvXNvNtNtCsiRk0bvHVOSr_6mpk_vc26csharp_practical_vir_model15contract_import1__NtB5_12ContractTermNtNtCs9ljO6xZjt6Z_10serde_core3ser9Serialize9serializeQINtNtCs5fzGtNe2pyG_10serde_json3ser10SerializerQINtNtCslJsSqIQKwiA_5alloc3vec3VechEEEB9_ in libmpk_vc-43a77541129f1733.rlib[255](mpk_vc-43a77541129f1733.evdkoy04l0f3b4t0ne21qcfcc.19qvrf1.rcgu.o)
                __RINvXNvNtNtCsiRk0bvHVOSr_6mpk_vc26csharp_practical_vir_model15contract_import1__NtB5_12ContractTermNtNtCs9ljO6xZjt6Z_10serde_core3ser9Serialize9serializeQINtNtCs5fzGtNe2pyG_10serde_json3ser10SerializerQINtNtCslJsSqIQKwiA_5alloc3vec3VechEEEB9_ in libmpk_vc-43a77541129f1733.rlib[255](mpk_vc-43a77541129f1733.evdkoy04l0f3b4t0ne21qcfcc.19qvrf1.rcgu.o)
            "_anon.e61855a4b05a5e65bf498647af19286e.13.llvm.18069295750340693774", referenced from:
                __RINvXNvNtNtCsiRk0bvHVOSr_6mpk_vc26csharp_practical_vir_model17ordinary_carrierss_1__NtB5_13OrdinaryFieldNtNtCs9ljO6xZjt6Z_10serde_core3ser9Serialize9serializeQINtNtCs5fzGtNe2pyG_10serde_json3ser10SerializerQINtNtCslJsSqIQKwiA_5alloc3vec3VechEEEB9_ in libmpk_vc-43a77541129f1733.rlib[215](mpk_vc-43a77541129f1733.cirof1t6ypvjbrghz3iu59889.19qvrf1.rcgu.o)
                __RINvXNvNtCsiRk0bvHVOSr_6mpk_vc26csharp_practical_vir_models10_1__NtB5_19MonomorphicMapEntryNtNtCs9ljO6xZjt6Z_10serde_core3ser9Serialize9serializeQINtNtCs5fzGtNe2pyG_10serde_json3ser10SerializerQINtNtCslJsSqIQKwiA_5alloc3vec3VechEEEB7_ in libmpk_vc-43a77541129f1733.rlib[254](mpk_vc-43a77541129f1733.erglkg6a17rfo2hgjt4r52vpq.19qvrf1.rcgu.o)
                __RINvXNvNtCsiRk0bvHVOSr_6mpk_vc26csharp_practical_vir_models10_1__NtB5_19MonomorphicMapEntryNtNtCs9ljO6xZjt6Z_10serde_core3ser9Serialize9serializeQINtNtCs5fzGtNe2pyG_10serde_json3ser10SerializerQINtNtCslJsSqIQKwiA_5alloc3vec3VechEEEB7_ in libmpk_vc-43a77541129f1733.rlib[254](mpk_vc-43a77541129f1733.erglkg6a17rfo2hgjt4r52vpq.19qvrf1.rcgu.o)
                __RINvXNvNtCsiRk0bvHVOSr_6mpk_vc26csharp_practical_vir_modelsY_1__NtB5_21NamedMonomorphicValueNtNtCs9ljO6xZjt6Z_10serde_core3ser9Serialize9serializeQINtNtCs5fzGtNe2pyG_10serde_json3ser10SerializerQINtNtCslJsSqIQKwiA_5alloc3vec3VechEEEB7_ in libmpk_vc-43a77541129f1733.rlib[254](mpk_vc-43a77541129f1733.erglkg6a17rfo2hgjt4r52vpq.19qvrf1.rcgu.o)
                __RINvXNvNtNtCsiRk0bvHVOSr_6mpk_vc26csharp_practical_vir_model15contract_import1__NtB5_12ContractTermNtNtCs9ljO6xZjt6Z_10serde_core3ser9Serialize9serializeQINtNtCs5fzGtNe2pyG_10serde_json3ser10SerializerQINtNtCslJsSqIQKwiA_5alloc3vec3VechEEEB9_ in libmpk_vc-43a77541129f1733.rlib[255](mpk_vc-43a77541129f1733.evdkoy04l0f3b4t0ne21qcfcc.19qvrf1.rcgu.o)
                __RINvXNvNtNtCsiRk0bvHVOSr_6mpk_vc26csharp_practical_vir_model15contract_import1__NtB5_12ContractTermNtNtCs9ljO6xZjt6Z_10serde_core3ser9Serialize9serializeQINtNtCs5fzGtNe2pyG_10serde_json3ser10SerializerQINtNtCslJsSqIQKwiA_5alloc3vec3VechEEEB9_ in libmpk_vc-43a77541129f1733.rlib[255](mpk_vc-43a77541129f1733.evdkoy04l0f3b4t0ne21qcfcc.19qvrf1.rcgu.o)
            "_anon.f4bb84c3fd6d8efd527d832ce76cd68d.45.llvm.10066538698453763192", referenced from:
                __RNvNtNtNtNtCsiRk0bvHVOSr_6mpk_vc26csharp_practical_vir_model13data_emission16control_emission6memory11memory_plan in libmpk_vc-43a77541129f1733.rlib[108](mpk_vc-43a77541129f1733.6n86ded9fkwi5vluio0fx67o3.19qvrf1.rcgu.o)
            "_anon.f4bb84c3fd6d8efd527d832ce76cd68d.46.llvm.10066538698453763192", referenced from:
                __RNvNtNtNtNtCsiRk0bvHVOSr_6mpk_vc26csharp_practical_vir_model13data_emission16control_emission6memory11memory_plan in libmpk_vc-43a77541129f1733.rlib[108](mpk_vc-43a77541129f1733.6n86ded9fkwi5vluio0fx67o3.19qvrf1.rcgu.o)
            "_anon.f4bb84c3fd6d8efd527d832ce76cd68d.47.llvm.10066538698453763192", referenced from:
                __RNvNtNtNtNtCsiRk0bvHVOSr_6mpk_vc26csharp_practical_vir_model13data_emission16control_emission6memory11memory_plan in libmpk_vc-43a77541129f1733.rlib[108](mpk_vc-43a77541129f1733.6n86ded9fkwi5vluio0fx67o3.19qvrf1.rcgu.o)
            "_anon.f4bb84c3fd6d8efd527d832ce76cd68d.48.llvm.10066538698453763192", referenced from:
                __RNvNtNtNtNtCsiRk0bvHVOSr_6mpk_vc26csharp_practical_vir_model13data_emission16control_emission6memory11memory_plan in libmpk_vc-43a77541129f1733.rlib[108](mpk_vc-43a77541129f1733.6n86ded9fkwi5vluio0fx67o3.19qvrf1.rcgu.o)
          ld: symbol(s) not found for architecture arm64
          clang: error: linker command failed with exit code 1 (use -v to see invocation)
          

error: could not compile `mpk-vc` (test "csharp_practical_vc") due to 1 previous error
